<?xml version="1.0" encoding="UTF-8"?>
<root>
<duration>
86,336
</duration>
<width>
320
</width>
<height>
240
</height>
<videodatarate>
0
</videodatarate>
<framerate>
25
</framerate>
<audiosamplerate>
44100
</audiosamplerate>
<filesize>
4280834
</filesize>
<first_ts>
0
</first_ts>
<lasttimestamp>
86,336
</lasttimestamp>
<lastkeyframetimestamp>
85,2
</lastkeyframetimestamp>
<videocodecid>
2
</videocodecid>
<audiocodecid>
2
</audiocodecid>
<audiodelay>
0
</audiodelay>
<canSeekToEnd>
false
</canSeekToEnd>
<audiodatarate>
0
</audiodatarate>
<creationdate>
unknown
</creationdate>
<metadatacreator>
Manitu Group FLV MetaData Injector 2
</metadatacreator>
<metadatadate>
18.12.2007 21:31:05 GMT+0200
</metadatadate>
<videosize>
2845574
</videosize>
<audiosize>
1434686
</audiosize>
<datasize>
561
</datasize>
</root>
