<?xml version="1.0" encoding="UTF-8"?><!DOCTYPE index PUBLIC "-//ES//DTD book DTD version 5.4.0//EN//XML" "book540.dtd" []><index version="5.4" id="idx00001" docsubtype="idx"><info><ce:pii>B978-0-12-809756-4.18001-8</ce:pii><ce:doi>10.1016/B978-0-12-809756-4.18001-8</ce:doi><ce:isbn>978-0-12-809756-4</ce:isbn><ce:copyright type="full-transfer" year="2017">Elsevier Inc.</ce:copyright></info><ce:title id="title0010">Index</ce:title><ce:index role="subject" id="index0010"><ce:intro id="intro0010"><ce:para id="p0010">‘<ce:italic>Note:</ce:italic> Page numbers followed by “f” indicate figures and “t” indicate tables.’</ce:para></ce:intro><ce:index-sec id="indexA"><ce:section-title id="indsect0010">A</ce:section-title><ce:index-entry id="idx1"><ce:index-heading>Acquired cognitive abilities</ce:index-heading><ce:intra-ref xlink:href="pii:B978-0-12-809756-4.00007-6#o0015" id="intraref1">113</ce:intra-ref></ce:index-entry><ce:index-entry id="idx2"><ce:index-heading>Aggregation problem</ce:index-heading><ce:intra-ref xlink:href="pii:B978-0-12-809756-4.00004-0#p0035" id="intraref2">45</ce:intra-ref></ce:index-entry><ce:index-entry id="idx3"><ce:index-heading>Alternative decomposition</ce:index-heading><ce:intra-ref xlink:href="pii:B978-0-12-809756-4.00002-7#t0020" id="intraref3">21t</ce:intra-ref><ce:index-entry id="idx4"><ce:index-heading>decomposition of each period’s role</ce:index-heading><ce:index-entry id="idx5"><ce:index-heading><ce:italic>vs.</ce:italic> Australia</ce:index-heading><ce:intra-ref xlink:href="pii:B978-0-12-809756-4.00002-7#p0085" id="intraref5">20–25</ce:intra-ref><ce:intra-ref xlink:href="pii:B978-0-12-809756-4.00002-7#f0105" id="intraref4">22f</ce:intra-ref></ce:index-entry><ce:index-entry id="idx6"><ce:index-heading><ce:italic>vs.</ce:italic> Canada</ce:index-heading><ce:intra-ref xlink:href="pii:B978-0-12-809756-4.00002-7#p0085" id="intraref7">20–25</ce:intra-ref><ce:intra-ref xlink:href="pii:B978-0-12-809756-4.00002-7#f0115" id="intraref6">23f</ce:intra-ref></ce:index-entry><ce:index-entry id="idx7"><ce:index-heading><ce:italic>vs.</ce:italic> Finland</ce:index-heading><ce:intra-ref xlink:href="pii:B978-0-12-809756-4.00002-7#p0085" id="intraref9">20–25</ce:intra-ref><ce:intra-ref xlink:href="pii:B978-0-12-809756-4.00002-7#f0120" id="intraref8">23f</ce:intra-ref></ce:index-entry><ce:index-entry id="idx8"><ce:index-heading><ce:italic>vs.</ce:italic> Greece</ce:index-heading><ce:intra-ref xlink:href="pii:B978-0-12-809756-4.00002-7#p0085" id="intraref11">20–25</ce:intra-ref><ce:intra-ref xlink:href="pii:B978-0-12-809756-4.00002-7#f0140" id="intraref10">24f</ce:intra-ref></ce:index-entry><ce:index-entry id="idx9"><ce:index-heading><ce:italic>vs.</ce:italic> New Zealand</ce:index-heading><ce:intra-ref xlink:href="pii:B978-0-12-809756-4.00002-7#p0085" id="intraref13">20–25</ce:intra-ref><ce:intra-ref xlink:href="pii:B978-0-12-809756-4.00002-7#f0110" id="intraref12">22f</ce:intra-ref></ce:index-entry><ce:index-entry id="idx10"><ce:index-heading><ce:italic>vs.</ce:italic> Norway</ce:index-heading><ce:intra-ref xlink:href="pii:B978-0-12-809756-4.00002-7#p0085" id="intraref15">20–25</ce:intra-ref><ce:intra-ref xlink:href="pii:B978-0-12-809756-4.00002-7#f0125" id="intraref14">23f</ce:intra-ref></ce:index-entry><ce:index-entry id="idx11"><ce:index-heading><ce:italic>vs.</ce:italic> Portugal</ce:index-heading><ce:intra-ref xlink:href="pii:B978-0-12-809756-4.00002-7#p0085" id="intraref17">20–25</ce:intra-ref><ce:intra-ref xlink:href="pii:B978-0-12-809756-4.00002-7#f0145" id="intraref16">25f</ce:intra-ref></ce:index-entry><ce:index-entry id="idx12"><ce:index-heading><ce:italic>vs.</ce:italic> Spain</ce:index-heading><ce:intra-ref xlink:href="pii:B978-0-12-809756-4.00002-7#p0085" id="intraref19">20–25</ce:intra-ref><ce:intra-ref xlink:href="pii:B978-0-12-809756-4.00002-7#f0150" id="intraref18">25f</ce:intra-ref></ce:index-entry><ce:index-entry id="idx13"><ce:index-heading><ce:italic>vs.</ce:italic> Sweden</ce:index-heading><ce:intra-ref xlink:href="pii:B978-0-12-809756-4.00002-7#p0085" id="intraref21">20–25</ce:intra-ref><ce:intra-ref xlink:href="pii:B978-0-12-809756-4.00002-7#f0130" id="intraref20">24f</ce:intra-ref></ce:index-entry><ce:index-entry id="idx14"><ce:index-heading><ce:italic>vs.</ce:italic> Switzerland</ce:index-heading><ce:intra-ref xlink:href="pii:B978-0-12-809756-4.00002-7#p0085" id="intraref23">20–25</ce:intra-ref><ce:intra-ref xlink:href="pii:B978-0-12-809756-4.00002-7#f0135" id="intraref22">24f</ce:intra-ref></ce:index-entry><ce:index-entry id="idx15"><ce:index-heading><ce:italic>vs.</ce:italic> United States</ce:index-heading><ce:intra-ref xlink:href="pii:B978-0-12-809756-4.00002-7#p0085" id="intraref25">20–25</ce:intra-ref><ce:intra-ref xlink:href="pii:B978-0-12-809756-4.00002-7#f0100" id="intraref24">22f</ce:intra-ref></ce:index-entry></ce:index-entry><ce:index-entry id="idx16"><ce:index-heading>simple growth equation</ce:index-heading><ce:intra-ref xlink:href="pii:B978-0-12-809756-4.00002-7#p0070" id="intraref26">20</ce:intra-ref></ce:index-entry></ce:index-entry><ce:index-entry id="idx17"><ce:index-heading>Attitude/personality factors</ce:index-heading><ce:intra-ref xlink:href="pii:B978-0-12-809756-4.00007-6#o0025" id="intraref27">113</ce:intra-ref></ce:index-entry></ce:index-sec><ce:index-sec id="indexB"><ce:section-title id="indsect0015">B</ce:section-title><ce:index-entry id="idx18"><ce:index-heading>Backwardness consolidation, 1822–1930</ce:index-heading><ce:index-entry id="idx19"><ce:index-heading>defined</ce:index-heading><ce:intra-ref xlink:href="pii:B978-0-12-809756-4.00012-X#p0205" id="intraref28">220</ce:intra-ref></ce:index-entry><ce:index-entry id="idx20"><ce:index-heading>primary education</ce:index-heading><ce:intra-ref xlink:href="pii:B978-0-12-809756-4.00012-X#p0240" id="intraref29">222</ce:intra-ref><ce:intra-ref xlink:href="pii:B978-0-12-809756-4.00012-X#t0020" id="intraref30">225t</ce:intra-ref></ce:index-entry><ce:index-entry id="idx21"><ce:index-heading>schooling statistics, 1889–1933</ce:index-heading><ce:intra-ref xlink:href="pii:B978-0-12-809756-4.00012-X#p0240" id="intraref31">222</ce:intra-ref><ce:intra-ref xlink:href="pii:B978-0-12-809756-4.00012-X#t0015" id="intraref32">223t–224t</ce:intra-ref></ce:index-entry><ce:index-entry id="idx22"><ce:index-heading>south/coffee plantations</ce:index-heading><ce:intra-ref xlink:href="pii:B978-0-12-809756-4.00012-X#p0225" id="intraref33">221</ce:intra-ref></ce:index-entry></ce:index-entry><ce:index-entry id="idx23"><ce:index-heading>Brazilian current relative backwardness</ce:index-heading><ce:intra-ref xlink:href="pii:B978-0-12-809756-4.00004-0#p0270" id="intraref34">63t–65t</ce:intra-ref><ce:index-entry id="idx24"><ce:index-heading>basic development arithmetic</ce:index-heading><ce:intra-ref xlink:href="pii:B978-0-12-809756-4.00004-0#s0015" id="intraref35">44–45</ce:intra-ref></ce:index-entry><ce:index-entry id="idx25"><ce:index-heading>decomposition method</ce:index-heading><ce:intra-ref xlink:href="pii:B978-0-12-809756-4.00004-0#t0020" id="intraref36">58t</ce:intra-ref><ce:index-entry id="idx26"><ce:index-heading>ECLA</ce:index-heading><ce:intra-ref xlink:href="pii:B978-0-12-809756-4.00004-0#p0225" id="intraref37">57–58</ce:intra-ref></ce:index-entry><ce:index-entry id="idx27"><ce:index-heading>proportional differences</ce:index-heading><ce:intra-ref xlink:href="pii:B978-0-12-809756-4.00004-0#p0230" id="intraref38">58</ce:intra-ref></ce:index-entry></ce:index-entry><ce:index-entry id="idx28"><ce:index-heading>figures comparing Brazil to benchmark countries</ce:index-heading><ce:index-entry id="idx29"><ce:index-heading>negative externalities</ce:index-heading><ce:intra-ref xlink:href="pii:B978-0-12-809756-4.00004-0#p0270" id="intraref39">61</ce:intra-ref></ce:index-entry><ce:index-entry id="idx30"><ce:index-heading>proportion of each component in total proportional difference</ce:index-heading><ce:intra-ref xlink:href="pii:B978-0-12-809756-4.00004-0#p0235" id="intraref41">58–60</ce:intra-ref><ce:intra-ref xlink:href="pii:B978-0-12-809756-4.00004-0#f0040" id="intraref40">59f</ce:intra-ref><ce:intra-ref xlink:href="pii:B978-0-12-809756-4.00004-0#t0025" id="intraref42">59t</ce:intra-ref></ce:index-entry><ce:index-entry id="idx31"><ce:index-heading>total factor productivity (TFP)</ce:index-heading><ce:intra-ref xlink:href="pii:B978-0-12-809756-4.00004-0#p0250" id="intraref43">60</ce:intra-ref></ce:index-entry></ce:index-entry><ce:index-entry id="idx32"><ce:index-heading>human capital availability differences</ce:index-heading><ce:intra-ref xlink:href="pii:B978-0-12-809756-4.00004-0#f0010" id="intraref44">47f</ce:intra-ref><ce:index-entry id="idx33"><ce:index-heading>per capita GDP</ce:index-heading><ce:intra-ref xlink:href="pii:B978-0-12-809756-4.00004-0#p0080" id="intraref46">48</ce:intra-ref></ce:index-entry><ce:index-entry id="idx34"><ce:index-heading>PISA</ce:index-heading><ce:intra-ref xlink:href="pii:B978-0-12-809756-4.00004-0#p0055" id="intraref47">46</ce:intra-ref></ce:index-entry><ce:index-entry id="idx35"><ce:index-heading>schooling years</ce:index-heading><ce:intra-ref xlink:href="pii:B978-0-12-809756-4.00004-0#p0050" id="intraref48">45</ce:intra-ref></ce:index-entry></ce:index-entry><ce:index-entry id="idx36"><ce:index-heading>natural resources</ce:index-heading><ce:intra-ref xlink:href="pii:B978-0-12-809756-4.00004-0#f0035" id="intraref49">52f</ce:intra-ref><ce:index-entry id="idx37"><ce:index-heading>natural logarithm of per capita rent of natural resources <ce:italic>vs.</ce:italic> per capita GDP</ce:index-heading><ce:intra-ref xlink:href="pii:B978-0-12-809756-4.00004-0#p0130" id="intraref51">51</ce:intra-ref><ce:intra-ref xlink:href="pii:B978-0-12-809756-4.00004-0#f0030" id="intraref50">51f</ce:intra-ref></ce:index-entry><ce:index-entry id="idx38"><ce:index-heading>per capita GDP <ce:italic>vs.</ce:italic> natural log of per capita natural capital, US$</ce:index-heading><ce:intra-ref xlink:href="pii:B978-0-12-809756-4.00004-0#p0115" id="intraref53">50</ce:intra-ref><ce:intra-ref xlink:href="pii:B978-0-12-809756-4.00004-0#f0025" id="intraref52">50f</ce:intra-ref></ce:index-entry><ce:index-entry id="idx39"><ce:index-heading>proxies</ce:index-heading><ce:intra-ref xlink:href="pii:B978-0-12-809756-4.00004-0#p0130" id="intraref54">51</ce:intra-ref></ce:index-entry><ce:index-entry id="idx40"><ce:index-heading>transport infrastructure</ce:index-heading><ce:intra-ref xlink:href="pii:B978-0-12-809756-4.00004-0#p0110" id="intraref55">49–50</ce:intra-ref></ce:index-entry><ce:index-entry id="idx41"><ce:index-heading>World Bank (1997) estimation</ce:index-heading><ce:intra-ref xlink:href="pii:B978-0-12-809756-4.00004-0#p0115" id="intraref56">50</ce:intra-ref></ce:index-entry></ce:index-entry><ce:index-entry id="idx42"><ce:index-heading>physical capital availability differences</ce:index-heading><ce:intra-ref xlink:href="pii:B978-0-12-809756-4.00004-0#s0025" id="intraref58">48–49</ce:intra-ref><ce:intra-ref xlink:href="pii:B978-0-12-809756-4.00004-0#f0020" id="intraref57">48f</ce:intra-ref></ce:index-entry><ce:index-entry id="idx43"><ce:index-heading>variables and parameter estimation</ce:index-heading><ce:intra-ref xlink:href="pii:B978-0-12-809756-4.00004-0#p0145" id="intraref59">52–53</ce:intra-ref><ce:intra-ref xlink:href="pii:B978-0-12-809756-4.00004-0#t0015" id="intraref60">56t</ce:intra-ref><ce:index-entry id="idx44"><ce:index-heading>Cobb–Douglas production function</ce:index-heading><ce:intra-ref xlink:href="pii:B978-0-12-809756-4.00004-0#p0150" id="intraref61">53</ce:intra-ref></ce:index-entry><ce:index-entry id="idx45"><ce:index-heading>ordinary least square (OLS) estimation</ce:index-heading><ce:intra-ref xlink:href="pii:B978-0-12-809756-4.00004-0#p0190" id="intraref62">54</ce:intra-ref><ce:intra-ref xlink:href="pii:B978-0-12-809756-4.00004-0#t0010" id="intraref63">55t</ce:intra-ref></ce:index-entry><ce:index-entry id="idx46"><ce:index-heading>World Bank language</ce:index-heading><ce:intra-ref xlink:href="pii:B978-0-12-809756-4.00004-0#p0165" id="intraref64">53–54</ce:intra-ref></ce:index-entry></ce:index-entry></ce:index-entry><ce:index-entry id="idx47"><ce:index-heading>Brazilian human capital</ce:index-heading><ce:index-entry id="idx48"><ce:index-heading>acquired cognitive abilities</ce:index-heading><ce:intra-ref xlink:href="pii:B978-0-12-809756-4.00007-6#o0015" id="intraref65">113</ce:intra-ref><ce:intra-ref xlink:href="pii:B978-0-12-809756-4.00007-6#p0075" id="intraref66">115</ce:intra-ref></ce:index-entry><ce:index-entry id="idx49"><ce:index-heading>Africans/Native Americans and Europeans</ce:index-heading><ce:intra-ref xlink:href="pii:B978-0-12-809756-4.00007-6#f0015" id="intraref67">123f</ce:intra-ref><ce:index-entry id="idx50"><ce:index-heading>blacksmithing technologies</ce:index-heading><ce:intra-ref xlink:href="pii:B978-0-12-809756-4.00007-6#p0120" id="intraref68">117</ce:intra-ref></ce:index-entry><ce:index-entry id="idx51"><ce:index-heading>Brazilian population, ethnic origin</ce:index-heading><ce:intra-ref xlink:href="pii:B978-0-12-809756-4.00007-6#p0180" id="intraref69">121</ce:intra-ref><ce:intra-ref xlink:href="pii:B978-0-12-809756-4.00007-6#t0015" id="intraref70">122t</ce:intra-ref></ce:index-entry><ce:index-entry id="idx52"><ce:index-heading>communication systems</ce:index-heading><ce:intra-ref xlink:href="pii:B978-0-12-809756-4.00007-6#p0165" id="intraref71">120</ce:intra-ref></ce:index-entry><ce:index-entry id="idx53"><ce:index-heading>density functions</ce:index-heading><ce:intra-ref xlink:href="pii:B978-0-12-809756-4.00007-6#p0170" id="intraref72">120</ce:intra-ref></ce:index-entry><ce:index-entry id="idx54"><ce:index-heading>income level predicted distribution</ce:index-heading><ce:intra-ref xlink:href="pii:B978-0-12-809756-4.00007-6#p0145" id="intraref74">118</ce:intra-ref><ce:intra-ref xlink:href="pii:B978-0-12-809756-4.00007-6#f0010" id="intraref73">119f</ce:intra-ref></ce:index-entry><ce:index-entry id="idx55"><ce:index-heading>intertribe exchanges</ce:index-heading><ce:intra-ref xlink:href="pii:B978-0-12-809756-4.00007-6#p0090" id="intraref75">116</ce:intra-ref></ce:index-entry><ce:index-entry id="idx56"><ce:index-heading>Portuguese colonization</ce:index-heading><ce:intra-ref xlink:href="pii:B978-0-12-809756-4.00007-6#p0175" id="intraref76">120–121</ce:intra-ref></ce:index-entry><ce:index-entry id="idx57"><ce:index-heading>Portuguese colony</ce:index-heading><ce:intra-ref xlink:href="pii:B978-0-12-809756-4.00007-6#p0080" id="intraref77">115</ce:intra-ref></ce:index-entry><ce:index-entry id="idx58"><ce:index-heading>slave trade</ce:index-heading><ce:intra-ref xlink:href="pii:B978-0-12-809756-4.00007-6#p0110" id="intraref78">117</ce:intra-ref></ce:index-entry><ce:index-entry id="idx59"><ce:index-heading>Transatlantic Slave Trade Database</ce:index-heading><ce:intra-ref xlink:href="pii:B978-0-12-809756-4.00007-6#p0105" id="intraref79">116–117</ce:intra-ref></ce:index-entry></ce:index-entry><ce:index-entry id="idx60"><ce:index-heading>attitude/personality factors</ce:index-heading><ce:intra-ref xlink:href="pii:B978-0-12-809756-4.00007-6#o0025" id="intraref80">113</ce:intra-ref></ce:index-entry><ce:index-entry id="idx61"><ce:index-heading>big five personality factors</ce:index-heading><ce:intra-ref xlink:href="pii:B978-0-12-809756-4.00007-6#o0025" id="intraref81">113</ce:intra-ref><ce:intra-ref xlink:href="pii:B978-0-12-809756-4.00007-6#t0010" id="intraref82">114t</ce:intra-ref></ce:index-entry><ce:index-entry id="idx62"><ce:index-heading>European periphery</ce:index-heading><ce:intra-ref xlink:href="pii:B978-0-12-809756-4.00007-6#p0020" id="intraref83">112</ce:intra-ref></ce:index-entry><ce:index-entry id="idx63"><ce:index-heading>evolution</ce:index-heading><ce:intra-ref xlink:href="pii:B978-0-12-809756-4.00007-6#p0200" id="intraref84">123–124</ce:intra-ref><ce:index-entry id="idx64"><ce:index-heading>cattle raising and food production</ce:index-heading><ce:intra-ref xlink:href="pii:B978-0-12-809756-4.00007-6#p0205" id="intraref85">124</ce:intra-ref></ce:index-entry><ce:index-entry id="idx65"><ce:index-heading>gold and diamond cycle</ce:index-heading><ce:intra-ref xlink:href="pii:B978-0-12-809756-4.00007-6#p0215" id="intraref86">124</ce:intra-ref></ce:index-entry><ce:index-entry id="idx66"><ce:index-heading>Portuguese and Spanish initial agreements</ce:index-heading><ce:intra-ref xlink:href="pii:B978-0-12-809756-4.00007-6#p0255" id="intraref87">126</ce:intra-ref></ce:index-entry><ce:index-entry id="idx67"><ce:index-heading>slaves</ce:index-heading><ce:intra-ref xlink:href="pii:B978-0-12-809756-4.00007-6#p0210" id="intraref88">124</ce:intra-ref></ce:index-entry></ce:index-entry><ce:index-entry id="idx68"><ce:index-heading>noncognitive individual attributes</ce:index-heading><ce:intra-ref xlink:href="pii:B978-0-12-809756-4.00007-6#p0030" id="intraref89">112</ce:intra-ref></ce:index-entry><ce:index-entry id="idx69"><ce:index-heading>personal innate traits</ce:index-heading><ce:intra-ref xlink:href="pii:B978-0-12-809756-4.00007-6#o0010" id="intraref90">113</ce:intra-ref><ce:intra-ref xlink:href="pii:B978-0-12-809756-4.00007-6#p0070" id="intraref91">115</ce:intra-ref></ce:index-entry><ce:index-entry id="idx70"><ce:index-heading>simulated structure</ce:index-heading><ce:index-entry id="idx71"><ce:index-heading>educated guess distribution</ce:index-heading><ce:intra-ref xlink:href="pii:B978-0-12-809756-4.00007-6#p0270" id="intraref92">126–131</ce:intra-ref><ce:intra-ref xlink:href="pii:B978-0-12-809756-4.00007-6#t0025" id="intraref93">129t–130t</ce:intra-ref></ce:index-entry><ce:index-entry id="idx72"><ce:index-heading>ethnic group</ce:index-heading><ce:intra-ref xlink:href="pii:B978-0-12-809756-4.00007-6#p0280" id="intraref94">131</ce:intra-ref></ce:index-entry><ce:index-entry id="idx73"><ce:index-heading>relative income of ethnic groups</ce:index-heading><ce:intra-ref xlink:href="pii:B978-0-12-809756-4.00007-6#s0035" id="intraref95">134–137</ce:intra-ref><ce:intra-ref xlink:href="pii:B978-0-12-809756-4.00007-6#t0035" id="intraref96">135t–136t</ce:intra-ref></ce:index-entry><ce:index-entry id="idx74"><ce:index-heading>relative income of specific professional categories</ce:index-heading><ce:intra-ref xlink:href="pii:B978-0-12-809756-4.00007-6#p0285" id="intraref98">131</ce:intra-ref><ce:intra-ref xlink:href="pii:B978-0-12-809756-4.00007-6#t0030" id="intraref99">132t–133t</ce:intra-ref></ce:index-entry></ce:index-entry><ce:index-entry id="idx75"><ce:index-heading>socially inherited abilities</ce:index-heading><ce:intra-ref xlink:href="pii:B978-0-12-809756-4.00007-6#o0020" id="intraref100">113</ce:intra-ref></ce:index-entry></ce:index-entry><ce:index-entry id="idx76"><ce:index-heading>Brazilian relative backwardness</ce:index-heading><ce:intra-ref xlink:href="pii:B978-0-12-809756-4.00001-5#s0015" id="intraref101">2–4</ce:intra-ref><ce:intra-ref xlink:href="pii:B978-0-12-809756-4.00014-3#s0015" id="intraref102">259–262</ce:intra-ref><ce:index-entry id="idx77"><ce:index-heading>alternative decomposition</ce:index-heading><ce:intra-ref xlink:href="pii:B978-0-12-809756-4.00002-7#p0085" id="intraref103">20–26</ce:intra-ref></ce:index-entry><ce:index-entry id="idx78"><ce:index-heading>alternative explanations</ce:index-heading><ce:index-entry id="idx79"><ce:index-heading>dependency theory</ce:index-heading><ce:intra-ref xlink:href="pii:B978-0-12-809756-4.00010-6#s0025" id="intraref104">176–178</ce:intra-ref></ce:index-entry><ce:index-entry id="idx80"><ce:index-heading>disparities emerging</ce:index-heading><ce:intra-ref xlink:href="pii:B978-0-12-809756-4.00010-6#s0055" id="intraref105">183–184</ce:intra-ref></ce:index-entry><ce:index-entry id="idx81"><ce:index-heading>dynamics and static comparisons</ce:index-heading><ce:intra-ref xlink:href="pii:B978-0-12-809756-4.00010-6#s0065" id="intraref108">184–185</ce:intra-ref><ce:intra-ref xlink:href="pii:B978-0-12-809756-4.00010-6#f0020" id="intraref107">184f</ce:intra-ref></ce:index-entry><ce:index-entry id="idx82"><ce:index-heading>equilibrium return to capital</ce:index-heading><ce:intra-ref xlink:href="pii:B978-0-12-809756-4.00010-6#s0040" id="intraref109">181–182</ce:intra-ref></ce:index-entry><ce:index-entry id="idx83"><ce:index-heading>equilibrium return to human capital</ce:index-heading><ce:intra-ref xlink:href="pii:B978-0-12-809756-4.00010-6#s0045" id="intraref110">182</ce:intra-ref></ce:index-entry><ce:index-entry id="idx84"><ce:index-heading>equilibrium return to natural resources</ce:index-heading><ce:intra-ref xlink:href="pii:B978-0-12-809756-4.00010-6#s0050" id="intraref111">182–183</ce:intra-ref></ce:index-entry><ce:index-entry id="idx85"><ce:index-heading>Faoro’s institutional hypothesis</ce:index-heading><ce:intra-ref xlink:href="pii:B978-0-12-809756-4.00010-6#s0075" id="intraref112">186–187</ce:intra-ref></ce:index-entry><ce:index-entry id="idx86"><ce:index-heading>human capital accumulation</ce:index-heading><ce:intra-ref xlink:href="pii:B978-0-12-809756-4.00010-6#p0210" id="intraref113">178</ce:intra-ref></ce:index-entry><ce:index-entry id="idx87"><ce:index-heading>institution determinants</ce:index-heading><ce:intra-ref xlink:href="pii:B978-0-12-809756-4.00010-6#s0070" id="intraref115">185–186</ce:intra-ref><ce:intra-ref xlink:href="pii:B978-0-12-809756-4.00010-6#f0025" id="intraref114">185f</ce:intra-ref></ce:index-entry><ce:index-entry id="idx88"><ce:index-heading>Latin American structuralist hypothesis</ce:index-heading><ce:intra-ref xlink:href="pii:B978-0-12-809756-4.00010-6#s0020" id="intraref116">172–176</ce:intra-ref></ce:index-entry><ce:index-entry id="idx89"><ce:index-heading>Max Weber’s theories</ce:index-heading><ce:intra-ref xlink:href="pii:B978-0-12-809756-4.00010-6#p0220" id="intraref117">178–179</ce:intra-ref></ce:index-entry><ce:index-entry id="idx90"><ce:index-heading>new religious</ce:index-heading><ce:intra-ref xlink:href="pii:B978-0-12-809756-4.00010-6#p0025" id="intraref118">170</ce:intra-ref></ce:index-entry><ce:index-entry id="idx91"><ce:index-heading>physical capital accumulation</ce:index-heading><ce:intra-ref xlink:href="pii:B978-0-12-809756-4.00010-6#p0210" id="intraref119">178</ce:intra-ref></ce:index-entry><ce:index-entry id="idx92"><ce:index-heading>total factor productivity</ce:index-heading><ce:intra-ref xlink:href="pii:B978-0-12-809756-4.00010-6#s0035" id="intraref120">181</ce:intra-ref></ce:index-entry></ce:index-entry><ce:index-entry id="idx93"><ce:index-heading>alternative hypotheses</ce:index-heading><ce:intra-ref xlink:href="pii:B978-0-12-809756-4.00011-8#p0275" id="intraref121">204</ce:intra-ref><ce:index-entry id="idx94"><ce:index-heading><ce:italic>vs.</ce:italic> dependency theory</ce:index-heading><ce:intra-ref xlink:href="pii:B978-0-12-809756-4.00011-8#s0035" id="intraref122">204–206</ce:intra-ref></ce:index-entry><ce:index-entry id="idx95"><ce:index-heading><ce:italic>vs.</ce:italic> new institutionalist hypothesis</ce:index-heading><ce:intra-ref xlink:href="pii:B978-0-12-809756-4.00011-8#s0040" id="intraref123">206–207</ce:intra-ref></ce:index-entry></ce:index-entry><ce:index-entry id="idx96"><ce:index-heading>assumptions and analytical method</ce:index-heading><ce:intra-ref xlink:href="pii:B978-0-12-809756-4.00001-5#s0035" id="intraref124">7–8</ce:intra-ref></ce:index-entry><ce:index-entry id="idx97"><ce:index-heading>decomposing world into countries</ce:index-heading><ce:index-entry id="idx98"><ce:index-heading>growth models</ce:index-heading><ce:intra-ref xlink:href="pii:B978-0-12-809756-4.00003-9#t0010" id="intraref125">39</ce:intra-ref></ce:index-entry><ce:index-entry id="idx99"><ce:index-heading>human capital and labor</ce:index-heading><ce:intra-ref xlink:href="pii:B978-0-12-809756-4.00003-9#t0010" id="intraref126">38</ce:intra-ref></ce:index-entry><ce:index-entry id="idx100"><ce:index-heading>physical capital</ce:index-heading><ce:intra-ref xlink:href="pii:B978-0-12-809756-4.00003-9#t0010" id="intraref127">38</ce:intra-ref></ce:index-entry><ce:index-entry id="idx101"><ce:index-heading>spatial distribution of firms</ce:index-heading><ce:intra-ref xlink:href="pii:B978-0-12-809756-4.00004-0#p0055" id="intraref128">41</ce:intra-ref></ce:index-entry></ce:index-entry><ce:index-entry id="idx102"><ce:index-heading>fundamental determinant</ce:index-heading><ce:intra-ref xlink:href="pii:B978-0-12-809756-4.00011-8#s0025" id="intraref129">203–204</ce:intra-ref></ce:index-entry><ce:index-entry id="idx103"><ce:index-heading>general equilibrium</ce:index-heading><ce:index-entry id="idx104"><ce:index-heading>Heckscher–Ohlin model</ce:index-heading><ce:intra-ref xlink:href="pii:B978-0-12-809756-4.00003-9#p0185" id="intraref130">35–36</ce:intra-ref></ce:index-entry><ce:index-entry id="idx105"><ce:index-heading>number of equations</ce:index-heading><ce:intra-ref xlink:href="pii:B978-0-12-809756-4.00003-9#p0195" id="intraref131">36</ce:intra-ref><ce:intra-ref xlink:href="pii:B978-0-12-809756-4.00003-9#t0015" id="intraref132">37t</ce:intra-ref></ce:index-entry><ce:index-entry id="idx106"><ce:index-heading>number of variables</ce:index-heading><ce:intra-ref xlink:href="pii:B978-0-12-809756-4.00003-9#p0190" id="intraref133">36</ce:intra-ref><ce:intra-ref xlink:href="pii:B978-0-12-809756-4.00003-9#t0010" id="intraref134">36t</ce:intra-ref></ce:index-entry></ce:index-entry><ce:index-entry id="idx107"><ce:index-heading>intergenerational transmission</ce:index-heading><ce:intra-ref xlink:href="pii:B978-0-12-809756-4.00005-2#p0195" id="intraref135">76–77</ce:intra-ref><ce:index-entry id="idx108"><ce:index-heading>foreign born in total population</ce:index-heading><ce:intra-ref xlink:href="pii:B978-0-12-809756-4.00005-2#p0220" id="intraref136">79–82</ce:intra-ref><ce:intra-ref xlink:href="pii:B978-0-12-809756-4.00005-2#t0020" id="intraref137">80t–81t</ce:intra-ref></ce:index-entry><ce:index-entry id="idx109"><ce:index-heading>human capital and labor</ce:index-heading><ce:intra-ref xlink:href="pii:B978-0-12-809756-4.00005-2#p0200" id="intraref138">77</ce:intra-ref></ce:index-entry><ce:index-entry id="idx110"><ce:index-heading>immigration data</ce:index-heading><ce:intra-ref xlink:href="pii:B978-0-12-809756-4.00005-2#p0220" id="intraref139">79–82</ce:intra-ref></ce:index-entry><ce:index-entry id="idx111"><ce:index-heading>natural logarithms</ce:index-heading><ce:intra-ref xlink:href="pii:B978-0-12-809756-4.00005-2#p0210" id="intraref140">77–79</ce:intra-ref></ce:index-entry><ce:index-entry id="idx112"><ce:index-heading>new decomposition of proportional differences</ce:index-heading><ce:intra-ref xlink:href="pii:B978-0-12-809756-4.00005-2#p0210" id="intraref141">77–79</ce:intra-ref><ce:intra-ref xlink:href="pii:B978-0-12-809756-4.00005-2#t0010" id="intraref142">78t</ce:intra-ref></ce:index-entry><ce:index-entry id="idx113"><ce:index-heading>share of foreign-owned capital to its total</ce:index-heading><ce:intra-ref xlink:href="pii:B978-0-12-809756-4.00005-2#p0225" id="intraref144">82</ce:intra-ref><ce:intra-ref xlink:href="pii:B978-0-12-809756-4.00005-2#f0020" id="intraref143">82f</ce:intra-ref></ce:index-entry><ce:index-entry id="idx114"><ce:index-heading>stocks of physical and human capitals</ce:index-heading><ce:intra-ref xlink:href="pii:B978-0-12-809756-4.00005-2#p0200" id="intraref146">77</ce:intra-ref><ce:intra-ref xlink:href="pii:B978-0-12-809756-4.00005-2#f0015" id="intraref145">77f</ce:intra-ref></ce:index-entry></ce:index-entry><ce:index-entry id="idx115"><ce:index-heading>model set-up</ce:index-heading><ce:index-entry id="idx116"><ce:index-heading>autonomous innovations</ce:index-heading><ce:intra-ref xlink:href="pii:B978-0-12-809756-4.00011-8#p0185" id="intraref147">199</ce:intra-ref></ce:index-entry><ce:index-entry id="idx117"><ce:index-heading>conflicts</ce:index-heading><ce:intra-ref xlink:href="pii:B978-0-12-809756-4.00011-8#p0210" id="intraref148">200</ce:intra-ref></ce:index-entry><ce:index-entry id="idx118"><ce:index-heading>dynamic steady states</ce:index-heading><ce:intra-ref xlink:href="pii:B978-0-12-809756-4.00011-8#p0090" id="intraref150">195</ce:intra-ref><ce:intra-ref xlink:href="pii:B978-0-12-809756-4.00011-8#f0010" id="intraref149">196f</ce:intra-ref></ce:index-entry><ce:index-entry id="idx119"><ce:index-heading>economic institutions</ce:index-heading><ce:intra-ref xlink:href="pii:B978-0-12-809756-4.00011-8#p0110" id="intraref151">196–197</ce:intra-ref></ce:index-entry><ce:index-entry id="idx120"><ce:index-heading>growth theory</ce:index-heading><ce:intra-ref xlink:href="pii:B978-0-12-809756-4.00011-8#p0075" id="intraref152">195</ce:intra-ref></ce:index-entry><ce:index-entry id="idx121"><ce:index-heading>mapping</ce:index-heading><ce:intra-ref xlink:href="pii:B978-0-12-809756-4.00011-8#p0155" id="intraref153">198</ce:intra-ref></ce:index-entry><ce:index-entry id="idx122"><ce:index-heading>nonlinearities</ce:index-heading><ce:intra-ref xlink:href="pii:B978-0-12-809756-4.00011-8#p0190" id="intraref154">199</ce:intra-ref></ce:index-entry><ce:index-entry id="idx123"><ce:index-heading>political institutions</ce:index-heading><ce:intra-ref xlink:href="pii:B978-0-12-809756-4.00011-8#p0105" id="intraref155">196</ce:intra-ref></ce:index-entry><ce:index-entry id="idx124"><ce:index-heading>steady-state per capita GDP</ce:index-heading><ce:intra-ref xlink:href="pii:B978-0-12-809756-4.00011-8#s0020" id="intraref156">200–202</ce:intra-ref></ce:index-entry></ce:index-entry><ce:index-entry id="idx125"><ce:index-heading>monopolistic competition</ce:index-heading><ce:intra-ref xlink:href="pii:B978-0-12-809756-4.00011-8#p0015" id="intraref157">191–192</ce:intra-ref></ce:index-entry><ce:index-entry id="idx126"><ce:index-heading>nonslaves</ce:index-heading><ce:intra-ref xlink:href="pii:B978-0-12-809756-4.00011-8#p0045" id="intraref158">193</ce:intra-ref></ce:index-entry><ce:index-entry id="idx127"><ce:index-heading>per capita GDP growth, long-term data</ce:index-heading><ce:intra-ref xlink:href="pii:B978-0-12-809756-4.00002-7#p0040" id="intraref159">10–20</ce:intra-ref></ce:index-entry><ce:index-entry id="idx128"><ce:index-heading>proximate cause</ce:index-heading><ce:intra-ref xlink:href="pii:B978-0-12-809756-4.00001-5#s0025" id="intraref160">5–6</ce:intra-ref></ce:index-entry><ce:index-entry id="idx129"><ce:index-heading>public investments, in education</ce:index-heading><ce:intra-ref xlink:href="pii:B978-0-12-809756-4.00011-8#p0025" id="intraref161">192</ce:intra-ref></ce:index-entry><ce:index-entry id="idx130"><ce:index-heading>slaves</ce:index-heading><ce:intra-ref xlink:href="pii:B978-0-12-809756-4.00011-8#p0040" id="intraref162">193</ce:intra-ref></ce:index-entry><ce:index-entry id="idx131"><ce:index-heading>ultimate cause</ce:index-heading><ce:intra-ref xlink:href="pii:B978-0-12-809756-4.00001-5#s0030" id="intraref163">6–7</ce:intra-ref></ce:index-entry><ce:index-entry id="idx132"><ce:index-heading>world economy, goods and production factors</ce:index-heading><ce:intra-ref xlink:href="pii:B978-0-12-809756-4.00003-9#p0035" id="intraref164">30–35</ce:intra-ref></ce:index-entry></ce:index-entry><ce:index-entry id="idx133"><ce:index-heading>Brazilian underdevelopment</ce:index-heading><ce:intra-ref xlink:href="pii:B978-0-12-809756-4.00014-3#s0020" id="intraref165">261–262</ce:intra-ref></ce:index-entry></ce:index-sec><ce:index-sec id="indexC"><ce:section-title id="indsect0020">C</ce:section-title><ce:index-entry id="idx134"><ce:index-heading>Class conflicts</ce:index-heading><ce:intra-ref xlink:href="pii:B978-0-12-809756-4.00013-1#s0025" id="intraref167">238–239</ce:intra-ref><ce:intra-ref xlink:href="pii:B978-0-12-809756-4.00013-1#f0010" id="intraref166">240f</ce:intra-ref><ce:intra-ref xlink:href="pii:B978-0-12-809756-4.00013-1#t0015" id="intraref168">250t</ce:intra-ref><ce:index-entry id="idx135"><ce:index-heading>bureaucratic resurgence</ce:index-heading><ce:intra-ref xlink:href="pii:B978-0-12-809756-4.00013-1#o0045" id="intraref169">248</ce:intra-ref></ce:index-entry><ce:index-entry id="idx136"><ce:index-heading><ce:italic>de facto</ce:italic> political power</ce:index-heading><ce:intra-ref xlink:href="pii:B978-0-12-809756-4.00013-1#p0360" id="intraref170">254</ce:intra-ref></ce:index-entry><ce:index-entry id="idx137"><ce:index-heading>democratic settlement</ce:index-heading><ce:intra-ref xlink:href="pii:B978-0-12-809756-4.00013-1#o0035" id="intraref171">248</ce:intra-ref></ce:index-entry><ce:index-entry id="idx138"><ce:index-heading>early democracy</ce:index-heading><ce:intra-ref xlink:href="pii:B978-0-12-809756-4.00013-1#o0015" id="intraref172">248</ce:intra-ref></ce:index-entry><ce:index-entry id="idx139"><ce:index-heading>educational relative performance indicators</ce:index-heading><ce:intra-ref xlink:href="pii:B978-0-12-809756-4.00013-1#p0340" id="intraref173">253</ce:intra-ref><ce:intra-ref xlink:href="pii:B978-0-12-809756-4.00013-1#t0030" id="intraref174">253t</ce:intra-ref></ce:index-entry><ce:index-entry id="idx140"><ce:index-heading>long-term trend</ce:index-heading><ce:intra-ref xlink:href="pii:B978-0-12-809756-4.00013-1#p0225" id="intraref175">245</ce:intra-ref></ce:index-entry><ce:index-entry id="idx141"><ce:index-heading>lower tax burden</ce:index-heading><ce:intra-ref xlink:href="pii:B978-0-12-809756-4.00013-1#p0245" id="intraref176">247</ce:intra-ref></ce:index-entry><ce:index-entry id="idx142"><ce:index-heading>military authoritarian regime</ce:index-heading><ce:intra-ref xlink:href="pii:B978-0-12-809756-4.00013-1#o0025" id="intraref177">248</ce:intra-ref></ce:index-entry><ce:index-entry id="idx143"><ce:index-heading>military dictatorship</ce:index-heading><ce:intra-ref xlink:href="pii:B978-0-12-809756-4.00013-1#o0020" id="intraref178">248</ce:intra-ref></ce:index-entry><ce:index-entry id="idx144"><ce:index-heading>popular democracy</ce:index-heading><ce:intra-ref xlink:href="pii:B978-0-12-809756-4.00013-1#o0040" id="intraref179">248</ce:intra-ref></ce:index-entry><ce:index-entry id="idx145"><ce:index-heading>proportional changes of means</ce:index-heading><ce:intra-ref xlink:href="pii:B978-0-12-809756-4.00013-1#t0020" id="intraref180">251t</ce:intra-ref></ce:index-entry><ce:index-entry id="idx146"><ce:index-heading>qualitative guesses</ce:index-heading><ce:intra-ref xlink:href="pii:B978-0-12-809756-4.00013-1#p0230" id="intraref181">245</ce:intra-ref><ce:intra-ref xlink:href="pii:B978-0-12-809756-4.00013-1#t0010" id="intraref182">246t</ce:intra-ref></ce:index-entry><ce:index-entry id="idx147"><ce:index-heading>redemocratization</ce:index-heading><ce:intra-ref xlink:href="pii:B978-0-12-809756-4.00013-1#o0030" id="intraref183">248</ce:intra-ref></ce:index-entry><ce:index-entry id="idx148"><ce:index-heading>Vargas’s authoritarian regime</ce:index-heading><ce:intra-ref xlink:href="pii:B978-0-12-809756-4.00013-1#o0010" id="intraref184">248</ce:intra-ref></ce:index-entry><ce:index-entry id="idx149"><ce:index-heading>weights associated with each concept</ce:index-heading><ce:intra-ref xlink:href="pii:B978-0-12-809756-4.00013-1#t0025" id="intraref185">252t</ce:intra-ref></ce:index-entry></ce:index-entry><ce:index-entry id="idx150"><ce:index-heading>Cobb–Douglas production function</ce:index-heading><ce:intra-ref xlink:href="pii:B978-0-12-809756-4.00003-9#p0040" id="intraref189">31</ce:intra-ref><ce:intra-ref xlink:href="pii:B978-0-12-809756-4.00004-0#p0025" id="intraref186">44</ce:intra-ref><ce:intra-ref xlink:href="pii:B978-0-12-809756-4.00004-0#p0150" id="intraref187">53</ce:intra-ref><ce:intra-ref xlink:href="pii:B978-0-12-809756-4.00008-8#p0055" id="intraref188">141–142</ce:intra-ref></ce:index-entry></ce:index-sec><ce:index-sec id="indexD"><ce:section-title id="indsect0025">D</ce:section-title><ce:index-entry id="idx151"><ce:index-heading>Dependency theory</ce:index-heading><ce:index-entry id="idx152"><ce:index-heading>defined</ce:index-heading><ce:intra-ref xlink:href="pii:B978-0-12-809756-4.00010-6#p0180" id="intraref190">176</ce:intra-ref></ce:index-entry><ce:index-entry id="idx153"><ce:index-heading>internal logic of dependency model</ce:index-heading><ce:intra-ref xlink:href="pii:B978-0-12-809756-4.00010-6#p0195" id="intraref192">177</ce:intra-ref><ce:intra-ref xlink:href="pii:B978-0-12-809756-4.00010-6#f0015" id="intraref191">177f</ce:intra-ref></ce:index-entry><ce:index-entry id="idx154"><ce:index-heading>internal logic of structuralist model</ce:index-heading><ce:intra-ref xlink:href="pii:B978-0-12-809756-4.00010-6#p0195" id="intraref194">177</ce:intra-ref><ce:intra-ref xlink:href="pii:B978-0-12-809756-4.00010-6#f0010" id="intraref193">177f</ce:intra-ref></ce:index-entry><ce:index-entry id="idx155"><ce:index-heading>multinational companies</ce:index-heading><ce:intra-ref xlink:href="pii:B978-0-12-809756-4.00010-6#p0185" id="intraref195">176</ce:intra-ref></ce:index-entry><ce:index-entry id="idx156"><ce:index-heading>political/social relationships</ce:index-heading><ce:intra-ref xlink:href="pii:B978-0-12-809756-4.00010-6#p0185" id="intraref196">176</ce:intra-ref></ce:index-entry></ce:index-entry><ce:index-entry id="idx157"><ce:index-heading>Disparities emerging</ce:index-heading><ce:index-entry id="idx158"><ce:index-heading>labor participation rate</ce:index-heading><ce:intra-ref xlink:href="pii:B978-0-12-809756-4.00010-6#s0060" id="intraref197">183–184</ce:intra-ref></ce:index-entry><ce:index-entry id="idx159"><ce:index-heading>productive structural differences</ce:index-heading><ce:intra-ref xlink:href="pii:B978-0-12-809756-4.00010-6#s0055" id="intraref198">183</ce:intra-ref></ce:index-entry></ce:index-entry></ce:index-sec><ce:index-sec id="indexE"><ce:section-title id="indsect0030">E</ce:section-title><ce:index-entry id="idx160"><ce:index-heading>Equilibrium return</ce:index-heading><ce:index-entry id="idx161"><ce:index-heading>capital</ce:index-heading><ce:intra-ref xlink:href="pii:B978-0-12-809756-4.00010-6#s0040" id="intraref199">181–182</ce:intra-ref></ce:index-entry><ce:index-entry id="idx162"><ce:index-heading>human capital</ce:index-heading><ce:intra-ref xlink:href="pii:B978-0-12-809756-4.00010-6#s0045" id="intraref200">182</ce:intra-ref></ce:index-entry><ce:index-entry id="idx163"><ce:index-heading>natural resources</ce:index-heading><ce:intra-ref xlink:href="pii:B978-0-12-809756-4.00010-6#s0050" id="intraref201">182–183</ce:intra-ref></ce:index-entry></ce:index-entry><ce:index-entry id="idx164"><ce:index-heading>European periphery</ce:index-heading><ce:intra-ref xlink:href="pii:B978-0-12-809756-4.00007-6#p0020" id="intraref202">112</ce:intra-ref></ce:index-entry></ce:index-sec><ce:index-sec id="indexF"><ce:section-title id="indsect0035">F</ce:section-title><ce:index-entry id="idx165"><ce:index-heading>Free capital mobility</ce:index-heading><ce:intra-ref xlink:href="pii:B978-0-12-809756-4.00005-2#s0030" id="intraref203">75–76</ce:intra-ref></ce:index-entry></ce:index-sec><ce:index-sec id="indexG"><ce:section-title id="indsect0040">G</ce:section-title><ce:index-entry id="idx166"><ce:index-heading>General equilibrium</ce:index-heading><ce:index-entry id="idx167"><ce:index-heading>Heckscher–Ohlin model</ce:index-heading><ce:intra-ref xlink:href="pii:B978-0-12-809756-4.00003-9#p0185" id="intraref204">35–36</ce:intra-ref></ce:index-entry><ce:index-entry id="idx168"><ce:index-heading>number of equations</ce:index-heading><ce:intra-ref xlink:href="pii:B978-0-12-809756-4.00003-9#p0195" id="intraref205">36</ce:intra-ref><ce:intra-ref xlink:href="pii:B978-0-12-809756-4.00003-9#t0015" id="intraref206">37t</ce:intra-ref></ce:index-entry><ce:index-entry id="idx169"><ce:index-heading>number of variables</ce:index-heading><ce:intra-ref xlink:href="pii:B978-0-12-809756-4.00003-9#p0190" id="intraref207">36</ce:intra-ref><ce:intra-ref xlink:href="pii:B978-0-12-809756-4.00003-9#t0010" id="intraref208">36t</ce:intra-ref></ce:index-entry></ce:index-entry></ce:index-sec><ce:index-sec id="indexH"><ce:section-title id="indsect0045">H</ce:section-title><ce:index-entry id="idx170"><ce:index-heading>Heckscher–Ohlin model</ce:index-heading><ce:intra-ref xlink:href="pii:B978-0-12-809756-4.00003-9#p0185" id="intraref209">35–36</ce:intra-ref></ce:index-entry><ce:index-entry id="idx171"><ce:index-heading>Human capital</ce:index-heading><ce:intra-ref xlink:href="pii:B978-0-12-809756-4.00008-8#s0015" id="intraref210">140–144</ce:intra-ref><ce:intra-ref xlink:href="pii:B978-0-12-809756-4.00013-1#s0030" id="intraref211">239–245</ce:intra-ref><ce:index-entry id="idx172"><ce:index-heading>availability differences</ce:index-heading><ce:intra-ref xlink:href="pii:B978-0-12-809756-4.00004-0#f0010" id="intraref212">47f</ce:intra-ref><ce:index-entry id="idx173"><ce:index-heading>per capita GDP</ce:index-heading><ce:intra-ref xlink:href="pii:B978-0-12-809756-4.00004-0#p0080" id="intraref214">48</ce:intra-ref></ce:index-entry><ce:index-entry id="idx174"><ce:index-heading>PISA</ce:index-heading><ce:intra-ref xlink:href="pii:B978-0-12-809756-4.00004-0#p0055" id="intraref215">46</ce:intra-ref></ce:index-entry><ce:index-entry id="idx175"><ce:index-heading>schooling years</ce:index-heading><ce:intra-ref xlink:href="pii:B978-0-12-809756-4.00004-0#p0050" id="intraref216">45</ce:intra-ref></ce:index-entry></ce:index-entry><ce:index-entry id="idx176"><ce:index-heading>Brazilian human capital</ce:index-heading><ce:intra-ref xlink:href="pii:B978-0-12-809756-4.00007-6#s0015" id="intraref217">112–115</ce:intra-ref></ce:index-entry><ce:index-entry id="idx177"><ce:index-heading>causal relationship arising from domestic environment</ce:index-heading><ce:intra-ref xlink:href="pii:B978-0-12-809756-4.00005-2#p0060" id="intraref218">69</ce:intra-ref></ce:index-entry><ce:index-entry id="idx178"><ce:index-heading>genetic</ce:index-heading><ce:intra-ref xlink:href="pii:B978-0-12-809756-4.00005-2#p0065" id="intraref219">69–70</ce:intra-ref></ce:index-entry><ce:index-entry id="idx179"><ce:index-heading>logical reasoning</ce:index-heading><ce:intra-ref xlink:href="pii:B978-0-12-809756-4.00005-2#p0060" id="intraref220">69</ce:intra-ref></ce:index-entry><ce:index-entry id="idx180"><ce:index-heading>rational tendency</ce:index-heading><ce:intra-ref xlink:href="pii:B978-0-12-809756-4.00005-2#p0070" id="intraref221">70</ce:intra-ref></ce:index-entry></ce:index-entry><ce:index-entry id="idx181"><ce:index-heading>Human capital expansion</ce:index-heading><ce:intra-ref xlink:href="pii:B978-0-12-809756-4.00003-9#p0320" id="intraref222">42</ce:intra-ref></ce:index-entry></ce:index-sec><ce:index-sec id="indexI"><ce:section-title id="indsect0050">I</ce:section-title><ce:index-entry id="idx182"><ce:index-heading>Intergenerational transmission</ce:index-heading><ce:intra-ref xlink:href="pii:B978-0-12-809756-4.00005-2#p0195" id="intraref223">76–77</ce:intra-ref><ce:index-entry id="idx183"><ce:index-heading>foreign born in total population</ce:index-heading><ce:intra-ref xlink:href="pii:B978-0-12-809756-4.00005-2#p0220" id="intraref224">79–82</ce:intra-ref><ce:intra-ref xlink:href="pii:B978-0-12-809756-4.00005-2#t0020" id="intraref225">80t–81t</ce:intra-ref></ce:index-entry><ce:index-entry id="idx184"><ce:index-heading>free capital mobility</ce:index-heading><ce:intra-ref xlink:href="pii:B978-0-12-809756-4.00005-2#s0030" id="intraref226">75–76</ce:intra-ref></ce:index-entry><ce:index-entry id="idx185"><ce:index-heading>human capital</ce:index-heading><ce:index-entry id="idx186"><ce:index-heading>causal relationship arising from domestic environment</ce:index-heading><ce:intra-ref xlink:href="pii:B978-0-12-809756-4.00005-2#p0060" id="intraref227">69</ce:intra-ref></ce:index-entry><ce:index-entry id="idx187"><ce:index-heading>genetic</ce:index-heading><ce:intra-ref xlink:href="pii:B978-0-12-809756-4.00005-2#p0065" id="intraref228">69–70</ce:intra-ref></ce:index-entry><ce:index-entry id="idx188"><ce:index-heading>logical reasoning</ce:index-heading><ce:intra-ref xlink:href="pii:B978-0-12-809756-4.00005-2#p0060" id="intraref229">69</ce:intra-ref></ce:index-entry><ce:index-entry id="idx189"><ce:index-heading>rational tendency</ce:index-heading><ce:intra-ref xlink:href="pii:B978-0-12-809756-4.00005-2#p0070" id="intraref230">70</ce:intra-ref></ce:index-entry></ce:index-entry><ce:index-entry id="idx190"><ce:index-heading>human capital and labor</ce:index-heading><ce:intra-ref xlink:href="pii:B978-0-12-809756-4.00005-2#p0200" id="intraref231">77</ce:intra-ref></ce:index-entry><ce:index-entry id="idx191"><ce:index-heading>immigration data</ce:index-heading><ce:intra-ref xlink:href="pii:B978-0-12-809756-4.00005-2#p0220" id="intraref232">79–82</ce:intra-ref></ce:index-entry><ce:index-entry id="idx192"><ce:index-heading>natural logarithms</ce:index-heading><ce:intra-ref xlink:href="pii:B978-0-12-809756-4.00005-2#p0155" id="intraref233">73–74</ce:intra-ref><ce:intra-ref xlink:href="pii:B978-0-12-809756-4.00005-2#p0210" id="intraref234">77–79</ce:intra-ref></ce:index-entry><ce:index-entry id="idx193"><ce:index-heading>new decomposition of proportional differences</ce:index-heading><ce:intra-ref xlink:href="pii:B978-0-12-809756-4.00005-2#p0210" id="intraref235">77–79</ce:intra-ref><ce:intra-ref xlink:href="pii:B978-0-12-809756-4.00005-2#t0010" id="intraref236">78t</ce:intra-ref></ce:index-entry><ce:index-entry id="idx194"><ce:index-heading>share of foreign-owned capital to its total</ce:index-heading><ce:intra-ref xlink:href="pii:B978-0-12-809756-4.00005-2#p0225" id="intraref238">82</ce:intra-ref><ce:intra-ref xlink:href="pii:B978-0-12-809756-4.00005-2#f0020" id="intraref237">82f</ce:intra-ref></ce:index-entry><ce:index-entry id="idx195"><ce:index-heading>stocks of physical and human capitals</ce:index-heading><ce:intra-ref xlink:href="pii:B978-0-12-809756-4.00005-2#p0200" id="intraref240">77</ce:intra-ref><ce:intra-ref xlink:href="pii:B978-0-12-809756-4.00005-2#f0015" id="intraref239">77f</ce:intra-ref></ce:index-entry><ce:index-entry id="idx196"><ce:index-heading>US immigrant composition</ce:index-heading><ce:intra-ref xlink:href="pii:B978-0-12-809756-4.00005-2#p0170" id="intraref241">75</ce:intra-ref></ce:index-entry></ce:index-entry></ce:index-sec><ce:index-sec id="indexL"><ce:section-title id="indsect0055">L</ce:section-title><ce:index-entry id="idx197"><ce:index-heading>Latin American structuralist hypothesis</ce:index-heading><ce:index-entry id="idx198"><ce:index-heading>coffee cycle</ce:index-heading><ce:intra-ref xlink:href="pii:B978-0-12-809756-4.00010-6#p0090" id="intraref242">173</ce:intra-ref></ce:index-entry><ce:index-entry id="idx199"><ce:index-heading>domestic industry</ce:index-heading><ce:intra-ref xlink:href="pii:B978-0-12-809756-4.00010-6#p0160" id="intraref243">175</ce:intra-ref></ce:index-entry><ce:index-entry id="idx200"><ce:index-heading>Furtado’s view</ce:index-heading><ce:intra-ref xlink:href="pii:B978-0-12-809756-4.00010-6#p0105" id="intraref244">173</ce:intra-ref></ce:index-entry><ce:index-entry id="idx201"><ce:index-heading>industrial goods</ce:index-heading><ce:intra-ref xlink:href="pii:B978-0-12-809756-4.00010-6#p0080" id="intraref245">172</ce:intra-ref></ce:index-entry><ce:index-entry id="idx202"><ce:index-heading>primary commodities</ce:index-heading><ce:intra-ref xlink:href="pii:B978-0-12-809756-4.00010-6#p0075" id="intraref246">172</ce:intra-ref></ce:index-entry><ce:index-entry id="idx203"><ce:index-heading>public policies</ce:index-heading><ce:intra-ref xlink:href="pii:B978-0-12-809756-4.00010-6#p0165" id="intraref247">175–176</ce:intra-ref></ce:index-entry><ce:index-entry id="idx204"><ce:index-heading>total factor productivity (TFP)</ce:index-heading><ce:intra-ref xlink:href="pii:B978-0-12-809756-4.00010-6#p0120" id="intraref248">174</ce:intra-ref></ce:index-entry></ce:index-entry></ce:index-sec><ce:index-sec id="indexM"><ce:section-title id="indsect0060">M</ce:section-title><ce:index-entry id="idx205"><ce:index-heading>Migration profile/human capital building</ce:index-heading><ce:index-entry id="idx206"><ce:index-heading>American and Brazilian per capita GDP</ce:index-heading><ce:intra-ref xlink:href="pii:B978-0-12-809756-4.00006-4#p0350" id="intraref249">100–101</ce:intra-ref><ce:index-entry id="idx207"><ce:index-heading>African descendants</ce:index-heading><ce:intra-ref xlink:href="pii:B978-0-12-809756-4.00006-4#p0360" id="intraref250">101</ce:intra-ref></ce:index-entry><ce:index-entry id="idx208"><ce:index-heading>embodied human capital</ce:index-heading><ce:intra-ref xlink:href="pii:B978-0-12-809756-4.00006-4#s0065" id="intraref251">104–108</ce:intra-ref></ce:index-entry><ce:index-entry id="idx209"><ce:index-heading>European descendants</ce:index-heading><ce:intra-ref xlink:href="pii:B978-0-12-809756-4.00006-4#p0360" id="intraref253">101</ce:intra-ref></ce:index-entry><ce:index-entry id="idx210"><ce:index-heading>migration and per capita GDP</ce:index-heading><ce:intra-ref xlink:href="pii:B978-0-12-809756-4.00006-4#s0060" id="intraref254">102–104</ce:intra-ref></ce:index-entry><ce:index-entry id="idx211"><ce:index-heading>Portuguese origin</ce:index-heading><ce:intra-ref xlink:href="pii:B978-0-12-809756-4.00006-4#p0375" id="intraref255">102</ce:intra-ref></ce:index-entry></ce:index-entry><ce:index-entry id="idx212"><ce:index-heading>data origins</ce:index-heading><ce:index-entry id="idx213"><ce:index-heading>actual and surrogated Brazilian per capita GDP, 1500 and 1900</ce:index-heading><ce:intra-ref xlink:href="pii:B978-0-12-809756-4.00006-4#p0340" id="intraref257">99</ce:intra-ref><ce:intra-ref xlink:href="pii:B978-0-12-809756-4.00006-4#f0020" id="intraref256">101f</ce:intra-ref></ce:index-entry><ce:index-entry id="idx214"><ce:index-heading>actual and surrogated US per capita GDP, 1820 and 1900</ce:index-heading><ce:intra-ref xlink:href="pii:B978-0-12-809756-4.00006-4#p0330" id="intraref259">98</ce:intra-ref><ce:intra-ref xlink:href="pii:B978-0-12-809756-4.00006-4#f0015" id="intraref258">99f</ce:intra-ref></ce:index-entry><ce:index-entry id="idx215"><ce:index-heading>American population, 1790</ce:index-heading><ce:intra-ref xlink:href="pii:B978-0-12-809756-4.00006-4#p0305" id="intraref260">97–98</ce:intra-ref><ce:intra-ref xlink:href="pii:B978-0-12-809756-4.00006-4#t0010" id="intraref261">97t</ce:intra-ref></ce:index-entry><ce:index-entry id="idx216"><ce:index-heading>Brazilian population</ce:index-heading><ce:intra-ref xlink:href="pii:B978-0-12-809756-4.00006-4#p0340" id="intraref262">99</ce:intra-ref><ce:intra-ref xlink:href="pii:B978-0-12-809756-4.00006-4#t0015" id="intraref263">100t</ce:intra-ref></ce:index-entry><ce:index-entry id="idx217"><ce:index-heading>descendants</ce:index-heading><ce:intra-ref xlink:href="pii:B978-0-12-809756-4.00006-4#p0280" id="intraref264">96</ce:intra-ref></ce:index-entry><ce:index-entry id="idx218"><ce:index-heading>indigenous population per capita GDP</ce:index-heading><ce:intra-ref xlink:href="pii:B978-0-12-809756-4.00006-4#p0325" id="intraref265">98</ce:intra-ref></ce:index-entry><ce:index-entry id="idx219"><ce:index-heading>intermarriages</ce:index-heading><ce:intra-ref xlink:href="pii:B978-0-12-809756-4.00006-4#p0285" id="intraref266">96</ce:intra-ref></ce:index-entry><ce:index-entry id="idx220"><ce:index-heading>Maddison’s data</ce:index-heading><ce:intra-ref xlink:href="pii:B978-0-12-809756-4.00006-4#p0255" id="intraref267">95</ce:intra-ref></ce:index-entry><ce:index-entry id="idx221"><ce:index-heading>nonblack/indigenous population</ce:index-heading><ce:intra-ref xlink:href="pii:B978-0-12-809756-4.00006-4#p0310" id="intraref268">98</ce:intra-ref></ce:index-entry><ce:index-entry id="idx222"><ce:index-heading>Portuguese descendants</ce:index-heading><ce:intra-ref xlink:href="pii:B978-0-12-809756-4.00006-4#p0335" id="intraref269">98–99</ce:intra-ref></ce:index-entry><ce:index-entry id="idx223"><ce:index-heading>total population</ce:index-heading><ce:intra-ref xlink:href="pii:B978-0-12-809756-4.00006-4#p0295" id="intraref270">96–97</ce:intra-ref></ce:index-entry></ce:index-entry><ce:index-entry id="idx224"><ce:index-heading>European higher productivity</ce:index-heading><ce:intra-ref xlink:href="pii:B978-0-12-809756-4.00006-4#p0030" id="intraref271">87</ce:intra-ref></ce:index-entry><ce:index-entry id="idx225"><ce:index-heading>European immigration</ce:index-heading><ce:intra-ref xlink:href="pii:B978-0-12-809756-4.00006-4#p0035" id="intraref272">87</ce:intra-ref></ce:index-entry><ce:index-entry id="idx226"><ce:index-heading>European mass migration</ce:index-heading><ce:intra-ref xlink:href="pii:B978-0-12-809756-4.00006-4#p0010" id="intraref273">86</ce:intra-ref></ce:index-entry><ce:index-entry id="idx227"><ce:index-heading>nonEuropeans</ce:index-heading><ce:intra-ref xlink:href="pii:B978-0-12-809756-4.00006-4#p0030" id="intraref274">87</ce:intra-ref></ce:index-entry><ce:index-entry id="idx228"><ce:index-heading>predicted surrogated per capita GDP</ce:index-heading><ce:intra-ref xlink:href="pii:B978-0-12-809756-4.00006-4#p0045" id="intraref275">87</ce:intra-ref></ce:index-entry><ce:index-entry id="idx229"><ce:index-heading>surrogated per capita GDP</ce:index-heading><ce:index-entry id="idx230"><ce:index-heading>basic assumptions</ce:index-heading><ce:intra-ref xlink:href="pii:B978-0-12-809756-4.00006-4#p0075" id="intraref276">89</ce:intra-ref></ce:index-entry><ce:index-entry id="idx231"><ce:index-heading>families tend to reproduce their human capital</ce:index-heading><ce:intra-ref xlink:href="pii:B978-0-12-809756-4.00006-4#s0030" id="intraref277">91–92</ce:intra-ref></ce:index-entry><ce:index-entry id="idx232"><ce:index-heading>free mobility</ce:index-heading><ce:intra-ref xlink:href="pii:B978-0-12-809756-4.00006-4#s0040" id="intraref278">93–94</ce:intra-ref></ce:index-entry><ce:index-entry id="idx233"><ce:index-heading>growth rate populations <ce:italic>vs.</ce:italic> average growth rate of the population</ce:index-heading><ce:intra-ref xlink:href="pii:B978-0-12-809756-4.00006-4#s0035" id="intraref279">92–93</ce:intra-ref></ce:index-entry><ce:index-entry id="idx234"><ce:index-heading>human capital of immigrants</ce:index-heading><ce:intra-ref xlink:href="pii:B978-0-12-809756-4.00006-4#s0025" id="intraref280">90–91</ce:intra-ref></ce:index-entry><ce:index-entry id="idx235"><ce:index-heading>perfect capital mobility</ce:index-heading><ce:intra-ref xlink:href="pii:B978-0-12-809756-4.00006-4#s0045" id="intraref281">94–95</ce:intra-ref></ce:index-entry></ce:index-entry></ce:index-entry><ce:index-entry id="idx236"><ce:index-heading>Model set-up</ce:index-heading><ce:index-entry id="idx237"><ce:index-heading>autonomous innovations</ce:index-heading><ce:intra-ref xlink:href="pii:B978-0-12-809756-4.00011-8#p0185" id="intraref282">199</ce:intra-ref></ce:index-entry><ce:index-entry id="idx238"><ce:index-heading>conflicts</ce:index-heading><ce:intra-ref xlink:href="pii:B978-0-12-809756-4.00011-8#p0210" id="intraref283">200</ce:intra-ref></ce:index-entry><ce:index-entry id="idx239"><ce:index-heading>dynamic steady states</ce:index-heading><ce:intra-ref xlink:href="pii:B978-0-12-809756-4.00011-8#p0090" id="intraref285">195</ce:intra-ref><ce:intra-ref xlink:href="pii:B978-0-12-809756-4.00011-8#f0010" id="intraref284">196f</ce:intra-ref></ce:index-entry><ce:index-entry id="idx240"><ce:index-heading>economic institutions</ce:index-heading><ce:intra-ref xlink:href="pii:B978-0-12-809756-4.00011-8#p0110" id="intraref286">196–197</ce:intra-ref></ce:index-entry><ce:index-entry id="idx241"><ce:index-heading>growth theory</ce:index-heading><ce:intra-ref xlink:href="pii:B978-0-12-809756-4.00011-8#p0075" id="intraref287">195</ce:intra-ref></ce:index-entry><ce:index-entry id="idx242"><ce:index-heading>mapping</ce:index-heading><ce:intra-ref xlink:href="pii:B978-0-12-809756-4.00011-8#p0155" id="intraref288">198</ce:intra-ref></ce:index-entry><ce:index-entry id="idx243"><ce:index-heading>nonlinearities</ce:index-heading><ce:intra-ref xlink:href="pii:B978-0-12-809756-4.00011-8#p0190" id="intraref289">199</ce:intra-ref></ce:index-entry><ce:index-entry id="idx244"><ce:index-heading>political institutions</ce:index-heading><ce:intra-ref xlink:href="pii:B978-0-12-809756-4.00011-8#p0105" id="intraref290">196</ce:intra-ref></ce:index-entry><ce:index-entry id="idx245"><ce:index-heading>steady-state per capita GDP</ce:index-heading><ce:intra-ref xlink:href="pii:B978-0-12-809756-4.00011-8#p0215" id="intraref291">200–201</ce:intra-ref><ce:index-entry id="idx246"><ce:index-heading>autonomous innovations</ce:index-heading><ce:intra-ref xlink:href="pii:B978-0-12-809756-4.00011-8#p0230" id="intraref292">201</ce:intra-ref><ce:intra-ref xlink:href="pii:B978-0-12-809756-4.00011-8#t0010" id="intraref293">202t</ce:intra-ref></ce:index-entry><ce:index-entry id="idx247"><ce:index-heading>fundamental sources, dynamics</ce:index-heading><ce:intra-ref xlink:href="pii:B978-0-12-809756-4.00011-8#p0240" id="intraref294">202</ce:intra-ref><ce:intra-ref xlink:href="pii:B978-0-12-809756-4.00011-8#t0015" id="intraref295">203t</ce:intra-ref></ce:index-entry></ce:index-entry></ce:index-entry></ce:index-sec><ce:index-sec id="indexN"><ce:section-title id="indsect0065">N</ce:section-title><ce:index-entry id="idx248"><ce:index-heading>Natural resources</ce:index-heading><ce:intra-ref xlink:href="pii:B978-0-12-809756-4.00004-0#f0035" id="intraref296">52f</ce:intra-ref><ce:index-entry id="idx249"><ce:index-heading>natural logarithm of per capita rent of natural resources <ce:italic>vs.</ce:italic> per capita GDP</ce:index-heading><ce:intra-ref xlink:href="pii:B978-0-12-809756-4.00004-0#p0130" id="intraref298">51</ce:intra-ref><ce:intra-ref xlink:href="pii:B978-0-12-809756-4.00004-0#f0030" id="intraref297">51f</ce:intra-ref></ce:index-entry><ce:index-entry id="idx250"><ce:index-heading>per capita GDP <ce:italic>vs.</ce:italic> natural log of per capita natural capital, US$</ce:index-heading><ce:intra-ref xlink:href="pii:B978-0-12-809756-4.00004-0#p0115" id="intraref300">50</ce:intra-ref><ce:intra-ref xlink:href="pii:B978-0-12-809756-4.00004-0#f0025" id="intraref299">50f</ce:intra-ref></ce:index-entry><ce:index-entry id="idx251"><ce:index-heading>proxies</ce:index-heading><ce:intra-ref xlink:href="pii:B978-0-12-809756-4.00004-0#p0130" id="intraref301">51</ce:intra-ref></ce:index-entry><ce:index-entry id="idx252"><ce:index-heading>transport infrastructure</ce:index-heading><ce:intra-ref xlink:href="pii:B978-0-12-809756-4.00004-0#p0110" id="intraref302">49–50</ce:intra-ref></ce:index-entry><ce:index-entry id="idx253"><ce:index-heading>World Bank (1997) estimation</ce:index-heading><ce:intra-ref xlink:href="pii:B978-0-12-809756-4.00004-0#p0115" id="intraref303">50</ce:intra-ref></ce:index-entry></ce:index-entry></ce:index-sec><ce:index-sec id="indexO"><ce:section-title id="indsect0070">O</ce:section-title><ce:index-entry id="idx254"><ce:index-heading>Orthodox theory</ce:index-heading><ce:intra-ref xlink:href="pii:B978-0-12-809756-4.00001-5#p0150" id="intraref304">8</ce:intra-ref></ce:index-entry></ce:index-sec><ce:index-sec id="indexP"><ce:section-title id="indsect0075">P</ce:section-title><ce:index-entry id="idx255"><ce:index-heading>Penn World Table 8.0</ce:index-heading><ce:intra-ref xlink:href="pii:B978-0-12-809756-4.00004-0#p0145" id="intraref305">52–53</ce:intra-ref></ce:index-entry><ce:index-entry id="idx256"><ce:index-heading>Per capita GDP growth, long-term data</ce:index-heading><ce:intra-ref xlink:href="pii:B978-0-12-809756-4.00002-7#t0015" id="intraref306">19t</ce:intra-ref><ce:index-entry id="idx257"><ce:index-heading>Brazilian GDP, 2010</ce:index-heading><ce:intra-ref xlink:href="pii:B978-0-12-809756-4.00002-7#p0040" id="intraref308">11</ce:intra-ref><ce:intra-ref xlink:href="pii:B978-0-12-809756-4.00002-7#f0015" id="intraref307">11f</ce:intra-ref></ce:index-entry><ce:index-entry id="idx258"><ce:index-heading>indexes of proportion of per capita GDP</ce:index-heading><ce:index-entry id="idx259"><ce:index-heading>Australia to Brazil</ce:index-heading><ce:intra-ref xlink:href="pii:B978-0-12-809756-4.00002-7#p0045" id="intraref310">11</ce:intra-ref><ce:intra-ref xlink:href="pii:B978-0-12-809756-4.00002-7#f0025" id="intraref309">13f</ce:intra-ref></ce:index-entry><ce:index-entry id="idx260"><ce:index-heading>benchmark countries</ce:index-heading><ce:intra-ref xlink:href="pii:B978-0-12-809756-4.00002-7#p0045" id="intraref311">11</ce:intra-ref><ce:intra-ref xlink:href="pii:B978-0-12-809756-4.00002-7#t0010" id="intraref312">12t</ce:intra-ref></ce:index-entry><ce:index-entry id="idx261"><ce:index-heading>Canada to Brazil</ce:index-heading><ce:intra-ref xlink:href="pii:B978-0-12-809756-4.00002-7#p0045" id="intraref314">11</ce:intra-ref><ce:intra-ref xlink:href="pii:B978-0-12-809756-4.00002-7#f0035" id="intraref313">14f</ce:intra-ref></ce:index-entry><ce:index-entry id="idx262"><ce:index-heading>Finland to Brazil</ce:index-heading><ce:intra-ref xlink:href="pii:B978-0-12-809756-4.00002-7#p0045" id="intraref316">11</ce:intra-ref><ce:intra-ref xlink:href="pii:B978-0-12-809756-4.00002-7#f0045" id="intraref315">14f</ce:intra-ref></ce:index-entry><ce:index-entry id="idx263"><ce:index-heading>Greece to Brazil</ce:index-heading><ce:intra-ref xlink:href="pii:B978-0-12-809756-4.00002-7#p0045" id="intraref318">11</ce:intra-ref><ce:intra-ref xlink:href="pii:B978-0-12-809756-4.00002-7#f0070" id="intraref317">16f</ce:intra-ref></ce:index-entry><ce:index-entry id="idx264"><ce:index-heading>Iberian Peninsula to Brazil</ce:index-heading><ce:intra-ref xlink:href="pii:B978-0-12-809756-4.00002-7#p0045" id="intraref320">11</ce:intra-ref><ce:intra-ref xlink:href="pii:B978-0-12-809756-4.00002-7#f0085" id="intraref319">17f</ce:intra-ref></ce:index-entry><ce:index-entry id="idx265"><ce:index-heading>New Zealand to Brazil</ce:index-heading><ce:intra-ref xlink:href="pii:B978-0-12-809756-4.00002-7#p0045" id="intraref322">11</ce:intra-ref><ce:intra-ref xlink:href="pii:B978-0-12-809756-4.00002-7#f0030" id="intraref321">13f</ce:intra-ref></ce:index-entry><ce:index-entry id="idx266"><ce:index-heading>Northern European Periphery to Brazil</ce:index-heading><ce:intra-ref xlink:href="pii:B978-0-12-809756-4.00002-7#p0045" id="intraref324">11</ce:intra-ref><ce:intra-ref xlink:href="pii:B978-0-12-809756-4.00002-7#f0065" id="intraref323">16f</ce:intra-ref></ce:index-entry><ce:index-entry id="idx267"><ce:index-heading>Norway to Brazil</ce:index-heading><ce:intra-ref xlink:href="pii:B978-0-12-809756-4.00002-7#p0045" id="intraref326">11</ce:intra-ref><ce:intra-ref xlink:href="pii:B978-0-12-809756-4.00002-7#f0050" id="intraref325">15f</ce:intra-ref></ce:index-entry><ce:index-entry id="idx268"><ce:index-heading>Portugal to Brazil</ce:index-heading><ce:intra-ref xlink:href="pii:B978-0-12-809756-4.00002-7#p0045" id="intraref328">11</ce:intra-ref><ce:intra-ref xlink:href="pii:B978-0-12-809756-4.00002-7#f0075" id="intraref327">16f</ce:intra-ref></ce:index-entry><ce:index-entry id="idx269"><ce:index-heading>Southern European Periphery to Brazil</ce:index-heading><ce:intra-ref xlink:href="pii:B978-0-12-809756-4.00002-7#p0045" id="intraref330">11</ce:intra-ref><ce:intra-ref xlink:href="pii:B978-0-12-809756-4.00002-7#f0090" id="intraref329">17f</ce:intra-ref></ce:index-entry><ce:index-entry id="idx270"><ce:index-heading>Spain to Brazil</ce:index-heading><ce:intra-ref xlink:href="pii:B978-0-12-809756-4.00002-7#p0045" id="intraref332">11</ce:intra-ref><ce:intra-ref xlink:href="pii:B978-0-12-809756-4.00002-7#f0080" id="intraref331">17f</ce:intra-ref></ce:index-entry><ce:index-entry id="idx271"><ce:index-heading>Sweden to Brazil</ce:index-heading><ce:intra-ref xlink:href="pii:B978-0-12-809756-4.00002-7#p0045" id="intraref334">11</ce:intra-ref><ce:intra-ref xlink:href="pii:B978-0-12-809756-4.00002-7#f0055" id="intraref333">15f</ce:intra-ref></ce:index-entry><ce:index-entry id="idx272"><ce:index-heading>Switzerland to Brazilian</ce:index-heading><ce:intra-ref xlink:href="pii:B978-0-12-809756-4.00002-7#p0045" id="intraref336">11</ce:intra-ref><ce:intra-ref xlink:href="pii:B978-0-12-809756-4.00002-7#f0060" id="intraref335">15f</ce:intra-ref></ce:index-entry><ce:index-entry id="idx273"><ce:index-heading>United States to Brazil</ce:index-heading><ce:intra-ref xlink:href="pii:B978-0-12-809756-4.00002-7#p0045" id="intraref338">11</ce:intra-ref><ce:intra-ref xlink:href="pii:B978-0-12-809756-4.00002-7#f0020" id="intraref337">13f</ce:intra-ref></ce:index-entry><ce:index-entry id="idx274"><ce:index-heading>Western Offshoots to Brazil</ce:index-heading><ce:intra-ref xlink:href="pii:B978-0-12-809756-4.00002-7#p0045" id="intraref340">11</ce:intra-ref><ce:intra-ref xlink:href="pii:B978-0-12-809756-4.00002-7#f0040" id="intraref339">14f</ce:intra-ref></ce:index-entry></ce:index-entry><ce:index-entry id="idx275"><ce:index-heading><ce:italic>vs.</ce:italic> Portugal</ce:index-heading><ce:intra-ref xlink:href="pii:B978-0-12-809756-4.00002-7#p0050" id="intraref341">11–18</ce:intra-ref></ce:index-entry><ce:index-entry id="idx276"><ce:index-heading>proportion (%), benchmark countries</ce:index-heading><ce:intra-ref xlink:href="pii:B978-0-12-809756-4.00002-7#p0060" id="intraref343">18–19</ce:intra-ref><ce:intra-ref xlink:href="pii:B978-0-12-809756-4.00002-7#f0095" id="intraref342">18f</ce:intra-ref></ce:index-entry><ce:index-entry id="idx277"><ce:index-heading>South Korea and Taiwan, 1965–2010</ce:index-heading><ce:intra-ref xlink:href="pii:B978-0-12-809756-4.00002-7#f0155" id="intraref344">26f</ce:intra-ref><ce:intra-ref xlink:href="pii:B978-0-12-809756-4.00002-7#p0105" id="intraref345">27</ce:intra-ref></ce:index-entry><ce:index-entry id="idx278"><ce:index-heading>yearly per capita GDP</ce:index-heading><ce:intra-ref xlink:href="pii:B978-0-12-809756-4.00002-7#p0035" id="intraref347">10–11</ce:intra-ref><ce:intra-ref xlink:href="pii:B978-0-12-809756-4.00002-7#f0010" id="intraref346">10f</ce:intra-ref></ce:index-entry></ce:index-entry><ce:index-entry id="idx279"><ce:index-heading>Perfect capital mobility</ce:index-heading><ce:intra-ref xlink:href="pii:B978-0-12-809756-4.00006-4#s0045" id="intraref348">94–95</ce:intra-ref></ce:index-entry><ce:index-entry id="idx280"><ce:index-heading>Personal innate traits</ce:index-heading><ce:intra-ref xlink:href="pii:B978-0-12-809756-4.00007-6#o0010" id="intraref349">113</ce:intra-ref></ce:index-entry><ce:index-entry id="idx281"><ce:index-heading>Physical capital availability differences</ce:index-heading><ce:intra-ref xlink:href="pii:B978-0-12-809756-4.00004-0#s0025" id="intraref351">48–49</ce:intra-ref><ce:intra-ref xlink:href="pii:B978-0-12-809756-4.00004-0#f0020" id="intraref350">48f</ce:intra-ref></ce:index-entry><ce:index-entry id="idx282"><ce:index-heading>Population growth</ce:index-heading><ce:intra-ref xlink:href="pii:B978-0-12-809756-4.00006-4#p0175" id="intraref352">92–93</ce:intra-ref></ce:index-entry><ce:index-entry id="idx283"><ce:index-heading>Primary commodities</ce:index-heading><ce:intra-ref xlink:href="pii:B978-0-12-809756-4.00010-6#p0075" id="intraref353">172</ce:intra-ref></ce:index-entry><ce:index-entry id="idx284"><ce:index-heading>Programme for International Student Assessment (PISA)</ce:index-heading><ce:intra-ref xlink:href="pii:B978-0-12-809756-4.00004-0#p0055" id="intraref354">46</ce:intra-ref></ce:index-entry><ce:index-entry id="idx285"><ce:index-heading>Purchasing power parity (PPP)</ce:index-heading><ce:intra-ref xlink:href="pii:B978-0-12-809756-4.00006-4#p0070" id="intraref355">89</ce:intra-ref></ce:index-entry></ce:index-sec><ce:index-sec id="indexR"><ce:section-title id="indsect0080">R</ce:section-title><ce:index-entry id="idx286"><ce:index-heading>Rational intergenerational human capital transmission</ce:index-heading><ce:index-entry id="idx287"><ce:index-heading>budget constraint</ce:index-heading><ce:intra-ref xlink:href="pii:B978-0-12-809756-4.00005-2#p0080" id="intraref356">70–71</ce:intra-ref></ce:index-entry><ce:index-entry id="idx288"><ce:index-heading>incomes</ce:index-heading><ce:intra-ref xlink:href="pii:B978-0-12-809756-4.00005-2#p0085" id="intraref357">71</ce:intra-ref></ce:index-entry></ce:index-entry><ce:index-entry id="idx289"><ce:index-heading>Relative backwardness stabilization</ce:index-heading><ce:intra-ref xlink:href="pii:B978-0-12-809756-4.00009-X#s0025" id="intraref358">160–162</ce:intra-ref><ce:intra-ref xlink:href="pii:B978-0-12-809756-4.00009-X#s0035" id="intraref359">165–167</ce:intra-ref><ce:index-entry id="idx290"><ce:index-heading>human capital stock</ce:index-heading><ce:intra-ref xlink:href="pii:B978-0-12-809756-4.00009-X#p0075" id="intraref360">157–158</ce:intra-ref></ce:index-entry><ce:index-entry id="idx291"><ce:index-heading>immigration, role</ce:index-heading><ce:index-entry id="idx292"><ce:index-heading>national origin, in total immigration to brazil</ce:index-heading><ce:intra-ref xlink:href="pii:B978-0-12-809756-4.00009-X#p0185" id="intraref362">162</ce:intra-ref><ce:intra-ref xlink:href="pii:B978-0-12-809756-4.00009-X#t0015" id="intraref363">163t</ce:intra-ref></ce:index-entry><ce:index-entry id="idx293"><ce:index-heading>1820-1975, share (%) of immigrants</ce:index-heading><ce:intra-ref xlink:href="pii:B978-0-12-809756-4.00009-X#p0185" id="intraref365">162</ce:intra-ref><ce:intra-ref xlink:href="pii:B978-0-12-809756-4.00009-X#f0035" id="intraref364">163f</ce:intra-ref></ce:index-entry><ce:index-entry id="idx294"><ce:index-heading>1853-1975, share (%) of immigrants</ce:index-heading><ce:intra-ref xlink:href="pii:B978-0-12-809756-4.00009-X#p0190" id="intraref367">162</ce:intra-ref><ce:intra-ref xlink:href="pii:B978-0-12-809756-4.00009-X#f0040" id="intraref366">164f</ce:intra-ref></ce:index-entry><ce:index-entry id="idx295"><ce:index-heading>share of major sources</ce:index-heading><ce:intra-ref xlink:href="pii:B978-0-12-809756-4.00009-X#p0195" id="intraref369">163–164</ce:intra-ref><ce:intra-ref xlink:href="pii:B978-0-12-809756-4.00009-X#f0045" id="intraref368">164f</ce:intra-ref></ce:index-entry></ce:index-entry><ce:index-entry id="idx296"><ce:index-heading>Latin American structuralists</ce:index-heading><ce:intra-ref xlink:href="pii:B978-0-12-809756-4.00009-X#p0030" id="intraref370">152</ce:intra-ref></ce:index-entry><ce:index-entry id="idx297"><ce:index-heading>long-term dynamics</ce:index-heading><ce:index-entry id="idx298"><ce:index-heading><ce:italic>vs.</ce:italic> Australian per capita GDP, 1820-2013</ce:index-heading><ce:intra-ref xlink:href="pii:B978-0-12-809756-4.00009-X#p0050" id="intraref372">153–154</ce:intra-ref><ce:intra-ref xlink:href="pii:B978-0-12-809756-4.00009-X#f0020" id="intraref371">154f</ce:intra-ref></ce:index-entry><ce:index-entry id="idx299"><ce:index-heading>end of divergence</ce:index-heading><ce:intra-ref xlink:href="pii:B978-0-12-809756-4.00009-X#p0055" id="intraref373">154–156</ce:intra-ref><ce:intra-ref xlink:href="pii:B978-0-12-809756-4.00009-X#t0010" id="intraref374">156t</ce:intra-ref></ce:index-entry><ce:index-entry id="idx300"><ce:index-heading><ce:italic>vs.</ce:italic> Spanish per capita GDP, 1840-2013</ce:index-heading><ce:intra-ref xlink:href="pii:B978-0-12-809756-4.00009-X#p0050" id="intraref376">153–154</ce:intra-ref><ce:intra-ref xlink:href="pii:B978-0-12-809756-4.00009-X#f0025" id="intraref375">155f</ce:intra-ref></ce:index-entry><ce:index-entry id="idx301"><ce:index-heading><ce:italic>vs.</ce:italic> Swedish per capita GDP, 1800-2013</ce:index-heading><ce:intra-ref xlink:href="pii:B978-0-12-809756-4.00009-X#p0050" id="intraref378">153–154</ce:intra-ref><ce:intra-ref xlink:href="pii:B978-0-12-809756-4.00009-X#f0015" id="intraref377">154f</ce:intra-ref></ce:index-entry><ce:index-entry id="idx302"><ce:index-heading><ce:italic>vs.</ce:italic> UK per capita GDP, 1800-1913</ce:index-heading><ce:intra-ref xlink:href="pii:B978-0-12-809756-4.00009-X#p0050" id="intraref380">153–154</ce:intra-ref><ce:intra-ref xlink:href="pii:B978-0-12-809756-4.00009-X#f0030" id="intraref379">155f</ce:intra-ref></ce:index-entry><ce:index-entry id="idx303"><ce:index-heading><ce:italic>vs.</ce:italic> US per capita GDP, 1800-2013</ce:index-heading><ce:intra-ref xlink:href="pii:B978-0-12-809756-4.00009-X#p0050" id="intraref382">153–154</ce:intra-ref><ce:intra-ref xlink:href="pii:B978-0-12-809756-4.00009-X#f0010" id="intraref381">153f</ce:intra-ref></ce:index-entry></ce:index-entry><ce:index-entry id="idx304"><ce:index-heading>relative per capita output</ce:index-heading><ce:intra-ref xlink:href="pii:B978-0-12-809756-4.00009-X#p0015" id="intraref383">151</ce:intra-ref></ce:index-entry><ce:index-entry id="idx305"><ce:index-heading>world economy</ce:index-heading><ce:intra-ref xlink:href="pii:B978-0-12-809756-4.00009-X#p0120" id="intraref384">159</ce:intra-ref></ce:index-entry></ce:index-entry><ce:index-entry id="idx306"><ce:index-heading>Relative declining</ce:index-heading><ce:index-entry id="idx307"><ce:index-heading>Brazilian human capital availability</ce:index-heading><ce:intra-ref xlink:href="pii:B978-0-12-809756-4.00008-8#p0025" id="intraref385">140</ce:intra-ref><ce:index-entry id="idx308"><ce:index-heading>Brazil, human capital estimation</ce:index-heading><ce:intra-ref xlink:href="pii:B978-0-12-809756-4.00008-8#s0025" id="intraref386">141–143</ce:intra-ref></ce:index-entry><ce:index-entry id="idx309"><ce:index-heading>Brazilian per capita GDP estimation</ce:index-heading><ce:intra-ref xlink:href="pii:B978-0-12-809756-4.00008-8#s0020" id="intraref387">140–141</ce:intra-ref></ce:index-entry><ce:index-entry id="idx310"><ce:index-heading>European countries, human capital estimation</ce:index-heading><ce:intra-ref xlink:href="pii:B978-0-12-809756-4.00008-8#s0030" id="intraref388">143–144</ce:intra-ref></ce:index-entry></ce:index-entry><ce:index-entry id="idx311"><ce:index-heading>generated human capital series</ce:index-heading><ce:index-entry id="idx312"><ce:index-heading>per capita human capital stocks</ce:index-heading><ce:intra-ref xlink:href="pii:B978-0-12-809756-4.00008-8#p0110" id="intraref391">144</ce:intra-ref><ce:intra-ref xlink:href="pii:B978-0-12-809756-4.00008-8#f0010" id="intraref389">145f</ce:intra-ref></ce:index-entry><ce:index-entry id="idx313"><ce:index-heading>proportion of estimated stock</ce:index-heading><ce:intra-ref xlink:href="pii:B978-0-12-809756-4.00008-8#p0120" id="intraref393">146</ce:intra-ref><ce:intra-ref xlink:href="pii:B978-0-12-809756-4.00008-8#f0020" id="intraref392">146f</ce:intra-ref></ce:index-entry></ce:index-entry><ce:index-entry id="idx314"><ce:index-heading>human capital building, in Europe</ce:index-heading><ce:index-entry id="idx315"><ce:index-heading>Catholic organizations</ce:index-heading><ce:intra-ref xlink:href="pii:B978-0-12-809756-4.00008-8#p0155" id="intraref394">147</ce:intra-ref></ce:index-entry><ce:index-entry id="idx316"><ce:index-heading>Portugal</ce:index-heading><ce:intra-ref xlink:href="pii:B978-0-12-809756-4.00008-8#p0165" id="intraref395">148</ce:intra-ref></ce:index-entry><ce:index-entry id="idx317"><ce:index-heading>Spain</ce:index-heading><ce:intra-ref xlink:href="pii:B978-0-12-809756-4.00008-8#p0175" id="intraref396">148–149</ce:intra-ref></ce:index-entry><ce:index-entry id="idx318"><ce:index-heading>Sweden</ce:index-heading><ce:intra-ref xlink:href="pii:B978-0-12-809756-4.00008-8#p0140" id="intraref397">147</ce:intra-ref></ce:index-entry><ce:index-entry id="idx319"><ce:index-heading>Switzerland</ce:index-heading><ce:intra-ref xlink:href="pii:B978-0-12-809756-4.00008-8#p0145" id="intraref398">147</ce:intra-ref></ce:index-entry></ce:index-entry><ce:index-entry id="idx320"><ce:index-heading>model interpretation, widening educational gap</ce:index-heading><ce:intra-ref xlink:href="pii:B978-0-12-809756-4.00008-8#s0045" id="intraref399">149–150</ce:intra-ref></ce:index-entry></ce:index-entry></ce:index-sec><ce:index-sec id="indexS"><ce:section-title id="indsect0085">S</ce:section-title><ce:index-entry id="idx321"><ce:index-heading>Social conflicts/human capital accumulation</ce:index-heading><ce:index-entry id="idx322"><ce:index-heading>backwardness consolidation, 1822–1930</ce:index-heading><ce:index-entry id="idx323"><ce:index-heading>defined</ce:index-heading><ce:intra-ref xlink:href="pii:B978-0-12-809756-4.00012-X#p0205" id="intraref400">220</ce:intra-ref></ce:index-entry><ce:index-entry id="idx324"><ce:index-heading>primary education</ce:index-heading><ce:intra-ref xlink:href="pii:B978-0-12-809756-4.00012-X#p0240" id="intraref401">222</ce:intra-ref><ce:intra-ref xlink:href="pii:B978-0-12-809756-4.00012-X#t0020" id="intraref402">225t</ce:intra-ref></ce:index-entry><ce:index-entry id="idx325"><ce:index-heading>schooling statistics, 1889–1933</ce:index-heading><ce:intra-ref xlink:href="pii:B978-0-12-809756-4.00012-X#p0240" id="intraref403">222</ce:intra-ref><ce:intra-ref xlink:href="pii:B978-0-12-809756-4.00012-X#t0015" id="intraref404">223t–224t</ce:intra-ref></ce:index-entry><ce:index-entry id="idx326"><ce:index-heading>south/coffee plantations</ce:index-heading><ce:intra-ref xlink:href="pii:B978-0-12-809756-4.00012-X#p0225" id="intraref405">221</ce:intra-ref></ce:index-entry></ce:index-entry><ce:index-entry id="idx327"><ce:index-heading>Brazilian history</ce:index-heading><ce:index-entry id="idx328"><ce:index-heading>Europeans</ce:index-heading><ce:intra-ref xlink:href="pii:B978-0-12-809756-4.00012-X#p0080" id="intraref406">212</ce:intra-ref></ce:index-entry><ce:index-entry id="idx329"><ce:index-heading>slaves</ce:index-heading><ce:intra-ref xlink:href="pii:B978-0-12-809756-4.00012-X#p0065" id="intraref407">212</ce:intra-ref></ce:index-entry><ce:index-entry id="idx330"><ce:index-heading>social and economic dynamics</ce:index-heading><ce:intra-ref xlink:href="pii:B978-0-12-809756-4.00012-X#p0060" id="intraref408">211–212</ce:intra-ref></ce:index-entry></ce:index-entry><ce:index-entry id="idx331"><ce:index-heading>class conflicts</ce:index-heading><ce:intra-ref xlink:href="pii:B978-0-12-809756-4.00013-1#s0025" id="intraref410">238–239</ce:intra-ref><ce:intra-ref xlink:href="pii:B978-0-12-809756-4.00013-1#f0010" id="intraref409">240f</ce:intra-ref><ce:intra-ref xlink:href="pii:B978-0-12-809756-4.00013-1#t0015" id="intraref411">250t</ce:intra-ref><ce:index-entry id="idx332"><ce:index-heading>bureaucratic resurgence</ce:index-heading><ce:intra-ref xlink:href="pii:B978-0-12-809756-4.00013-1#o0045" id="intraref412">248</ce:intra-ref></ce:index-entry><ce:index-entry id="idx333"><ce:index-heading><ce:italic>de facto</ce:italic> political power</ce:index-heading><ce:intra-ref xlink:href="pii:B978-0-12-809756-4.00013-1#p0360" id="intraref413">254</ce:intra-ref></ce:index-entry><ce:index-entry id="idx334"><ce:index-heading>democratic settlement</ce:index-heading><ce:intra-ref xlink:href="pii:B978-0-12-809756-4.00013-1#o0035" id="intraref414">248</ce:intra-ref></ce:index-entry><ce:index-entry id="idx335"><ce:index-heading>early democracy</ce:index-heading><ce:intra-ref xlink:href="pii:B978-0-12-809756-4.00013-1#o0015" id="intraref415">248</ce:intra-ref></ce:index-entry><ce:index-entry id="idx336"><ce:index-heading>educational relative performance indicators</ce:index-heading><ce:intra-ref xlink:href="pii:B978-0-12-809756-4.00013-1#p0340" id="intraref416">253</ce:intra-ref><ce:intra-ref xlink:href="pii:B978-0-12-809756-4.00013-1#t0030" id="intraref417">253t</ce:intra-ref></ce:index-entry><ce:index-entry id="idx337"><ce:index-heading>long-term trend</ce:index-heading><ce:intra-ref xlink:href="pii:B978-0-12-809756-4.00013-1#p0225" id="intraref418">245</ce:intra-ref></ce:index-entry><ce:index-entry id="idx338"><ce:index-heading>lower tax burden</ce:index-heading><ce:intra-ref xlink:href="pii:B978-0-12-809756-4.00013-1#p0245" id="intraref419">247</ce:intra-ref></ce:index-entry><ce:index-entry id="idx339"><ce:index-heading>military authoritarian regime</ce:index-heading><ce:intra-ref xlink:href="pii:B978-0-12-809756-4.00013-1#o0025" id="intraref420">248</ce:intra-ref></ce:index-entry><ce:index-entry id="idx340"><ce:index-heading>military dictatorship</ce:index-heading><ce:intra-ref xlink:href="pii:B978-0-12-809756-4.00013-1#o0020" id="intraref421">248</ce:intra-ref></ce:index-entry><ce:index-entry id="idx341"><ce:index-heading>popular democracy</ce:index-heading><ce:intra-ref xlink:href="pii:B978-0-12-809756-4.00013-1#o0040" id="intraref422">248</ce:intra-ref></ce:index-entry><ce:index-entry id="idx342"><ce:index-heading>proportional changes of means</ce:index-heading><ce:intra-ref xlink:href="pii:B978-0-12-809756-4.00013-1#t0020" id="intraref423">251t</ce:intra-ref></ce:index-entry><ce:index-entry id="idx343"><ce:index-heading>qualitative guesses</ce:index-heading><ce:intra-ref xlink:href="pii:B978-0-12-809756-4.00013-1#p0230" id="intraref424">245</ce:intra-ref><ce:intra-ref xlink:href="pii:B978-0-12-809756-4.00013-1#t0010" id="intraref425">246t</ce:intra-ref></ce:index-entry><ce:index-entry id="idx344"><ce:index-heading>redemocratization</ce:index-heading><ce:intra-ref xlink:href="pii:B978-0-12-809756-4.00013-1#o0030" id="intraref426">248</ce:intra-ref></ce:index-entry><ce:index-entry id="idx345"><ce:index-heading>Vargas’s authoritarian regime</ce:index-heading><ce:intra-ref xlink:href="pii:B978-0-12-809756-4.00013-1#o0010" id="intraref427">248</ce:intra-ref></ce:index-entry><ce:index-entry id="idx346"><ce:index-heading>weights associated with each concept</ce:index-heading><ce:intra-ref xlink:href="pii:B978-0-12-809756-4.00013-1#t0025" id="intraref428">252t</ce:intra-ref></ce:index-entry></ce:index-entry><ce:index-entry id="idx347"><ce:index-heading>human capital evolution, 1930</ce:index-heading><ce:index-entry id="idx348"><ce:index-heading>Brazilian proportion of government expenditure</ce:index-heading><ce:intra-ref xlink:href="pii:B978-0-12-809756-4.00013-1#p0210" id="intraref430">243</ce:intra-ref><ce:intra-ref xlink:href="pii:B978-0-12-809756-4.00013-1#f0025" id="intraref429">244f</ce:intra-ref></ce:index-entry><ce:index-entry id="idx349"><ce:index-heading>Brazilian share, enrollments in public schools</ce:index-heading><ce:intra-ref xlink:href="pii:B978-0-12-809756-4.00013-1#p0205" id="intraref432">242–243</ce:intra-ref><ce:intra-ref xlink:href="pii:B978-0-12-809756-4.00013-1#f0020" id="intraref431">243f</ce:intra-ref></ce:index-entry><ce:index-entry id="idx350"><ce:index-heading>Cobb–Douglas production function</ce:index-heading><ce:intra-ref xlink:href="pii:B978-0-12-809756-4.00013-1#p0170" id="intraref433">241</ce:intra-ref></ce:index-entry><ce:index-entry id="idx351"><ce:index-heading>Dow Jones index</ce:index-heading><ce:intra-ref xlink:href="pii:B978-0-12-809756-4.00013-1#p0160" id="intraref434">240</ce:intra-ref></ce:index-entry><ce:index-entry id="idx352"><ce:index-heading>human capital stock and schooling, 1933–2013</ce:index-heading><ce:intra-ref xlink:href="pii:B978-0-12-809756-4.00013-1#p0155" id="intraref436">240</ce:intra-ref><ce:intra-ref xlink:href="pii:B978-0-12-809756-4.00013-1#f0015" id="intraref435">241f</ce:intra-ref></ce:index-entry><ce:index-entry id="idx353"><ce:index-heading>PNAD-IBGE</ce:index-heading><ce:intra-ref xlink:href="pii:B978-0-12-809756-4.00013-1#p0180" id="intraref437">242</ce:intra-ref></ce:index-entry><ce:index-entry id="idx354"><ce:index-heading>Share of GDP spent</ce:index-heading><ce:intra-ref xlink:href="pii:B978-0-12-809756-4.00013-1#p0210" id="intraref439">243</ce:intra-ref><ce:intra-ref xlink:href="pii:B978-0-12-809756-4.00013-1#f0030" id="intraref438">244f</ce:intra-ref></ce:index-entry></ce:index-entry><ce:index-entry id="idx355"><ce:index-heading>major protagonist social classes</ce:index-heading><ce:index-entry id="idx356"><ce:index-heading>low-educated poor social strata</ce:index-heading><ce:intra-ref xlink:href="pii:B978-0-12-809756-4.00013-1#p0050" id="intraref440">234</ce:intra-ref></ce:index-entry><ce:index-entry id="idx357"><ce:index-heading>traditional elites</ce:index-heading><ce:intra-ref xlink:href="pii:B978-0-12-809756-4.00013-1#p0040" id="intraref441">233</ce:intra-ref></ce:index-entry><ce:index-entry id="idx358"><ce:index-heading>urban social segment</ce:index-heading><ce:intra-ref xlink:href="pii:B978-0-12-809756-4.00013-1#p0060" id="intraref442">234</ce:intra-ref></ce:index-entry></ce:index-entry><ce:index-entry id="idx359"><ce:index-heading>national identity, 1930-present</ce:index-heading><ce:index-entry id="idx360"><ce:index-heading>Brazilian public investments in education</ce:index-heading><ce:intra-ref xlink:href="pii:B978-0-12-809756-4.00012-X#p0280" id="intraref444">227–229</ce:intra-ref><ce:intra-ref xlink:href="pii:B978-0-12-809756-4.00012-X#f0020" id="intraref443">229f</ce:intra-ref></ce:index-entry><ce:index-entry id="idx361"><ce:index-heading>Census data</ce:index-heading><ce:intra-ref xlink:href="pii:B978-0-12-809756-4.00012-X#p0265" id="intraref446">226–227</ce:intra-ref><ce:intra-ref xlink:href="pii:B978-0-12-809756-4.00012-X#f0015" id="intraref445">226f</ce:intra-ref></ce:index-entry><ce:index-entry id="idx362"><ce:index-heading>evolution of population</ce:index-heading><ce:intra-ref xlink:href="pii:B978-0-12-809756-4.00012-X#p0270" id="intraref447">227</ce:intra-ref><ce:intra-ref xlink:href="pii:B978-0-12-809756-4.00012-X#t0025" id="intraref448">228t</ce:intra-ref></ce:index-entry><ce:index-entry id="idx363"><ce:index-heading>share of major sectors</ce:index-heading><ce:intra-ref xlink:href="pii:B978-0-12-809756-4.00012-X#p0250" id="intraref450">222</ce:intra-ref><ce:intra-ref xlink:href="pii:B978-0-12-809756-4.00012-X#f0010" id="intraref449">225f</ce:intra-ref></ce:index-entry></ce:index-entry><ce:index-entry id="idx364"><ce:index-heading>rich pole</ce:index-heading><ce:intra-ref xlink:href="pii:B978-0-12-809756-4.00012-X#p0105" id="intraref451">214</ce:intra-ref></ce:index-entry><ce:index-entry id="idx365"><ce:index-heading>social affinities</ce:index-heading><ce:index-entry id="idx366"><ce:index-heading>European and Japanese immigrants</ce:index-heading><ce:intra-ref xlink:href="pii:B978-0-12-809756-4.00013-1#p0100" id="intraref452">236–237</ce:intra-ref></ce:index-entry><ce:index-entry id="idx367"><ce:index-heading>individual utility</ce:index-heading><ce:intra-ref xlink:href="pii:B978-0-12-809756-4.00013-1#p0090" id="intraref453">236</ce:intra-ref></ce:index-entry><ce:index-entry id="idx368"><ce:index-heading>natural logarithm</ce:index-heading><ce:intra-ref xlink:href="pii:B978-0-12-809756-4.00013-1#p0070" id="intraref454">235</ce:intra-ref></ce:index-entry><ce:index-entry id="idx369"><ce:index-heading>redemocratization</ce:index-heading><ce:intra-ref xlink:href="pii:B978-0-12-809756-4.00013-1#p0110" id="intraref455">237</ce:intra-ref></ce:index-entry><ce:index-entry id="idx370"><ce:index-heading>utility functions</ce:index-heading><ce:intra-ref xlink:href="pii:B978-0-12-809756-4.00013-1#p0075" id="intraref456">235–236</ce:intra-ref></ce:index-entry></ce:index-entry><ce:index-entry id="idx371"><ce:index-heading>social formation, 1500–1822</ce:index-heading><ce:index-entry id="idx372"><ce:index-heading>Brazilian cities, population</ce:index-heading><ce:intra-ref xlink:href="pii:B978-0-12-809756-4.00012-X#p0170" id="intraref457">218</ce:intra-ref><ce:intra-ref xlink:href="pii:B978-0-12-809756-4.00012-X#t0010" id="intraref458">218t</ce:intra-ref></ce:index-entry><ce:index-entry id="idx373"><ce:index-heading>collective tribal production</ce:index-heading><ce:intra-ref xlink:href="pii:B978-0-12-809756-4.00012-X#p0175" id="intraref459">218–219</ce:intra-ref></ce:index-entry><ce:index-entry id="idx374"><ce:index-heading>colonization</ce:index-heading><ce:intra-ref xlink:href="pii:B978-0-12-809756-4.00012-X#p0130" id="intraref460">215–216</ce:intra-ref></ce:index-entry><ce:index-entry id="idx375"><ce:index-heading>cost of slaves</ce:index-heading><ce:intra-ref xlink:href="pii:B978-0-12-809756-4.00012-X#p0150" id="intraref461">217</ce:intra-ref></ce:index-entry><ce:index-entry id="idx376"><ce:index-heading>individual self-consumption farms</ce:index-heading><ce:intra-ref xlink:href="pii:B978-0-12-809756-4.00012-X#p0175" id="intraref462">218–219</ce:intra-ref></ce:index-entry><ce:index-entry id="idx377"><ce:index-heading>initial set-up</ce:index-heading><ce:intra-ref xlink:href="pii:B978-0-12-809756-4.00012-X#p0140" id="intraref464">216</ce:intra-ref></ce:index-entry><ce:index-entry id="idx378"><ce:index-heading>market-oriented establishments</ce:index-heading><ce:intra-ref xlink:href="pii:B978-0-12-809756-4.00012-X#p0175" id="intraref465">218–219</ce:intra-ref></ce:index-entry><ce:index-entry id="idx379"><ce:index-heading>unskilled workers</ce:index-heading><ce:intra-ref xlink:href="pii:B978-0-12-809756-4.00012-X#p0145" id="intraref467">216–217</ce:intra-ref></ce:index-entry></ce:index-entry><ce:index-entry id="idx380"><ce:index-heading>Western Offshoots</ce:index-heading><ce:intra-ref xlink:href="pii:B978-0-12-809756-4.00012-X#p0110" id="intraref468">214</ce:intra-ref></ce:index-entry></ce:index-entry><ce:index-entry id="idx381"><ce:index-heading>Social formation, 1500–1822</ce:index-heading><ce:index-entry id="idx382"><ce:index-heading>Brazilian cities, population</ce:index-heading><ce:intra-ref xlink:href="pii:B978-0-12-809756-4.00012-X#p0170" id="intraref469">218</ce:intra-ref><ce:intra-ref xlink:href="pii:B978-0-12-809756-4.00012-X#t0010" id="intraref470">218t</ce:intra-ref></ce:index-entry><ce:index-entry id="idx383"><ce:index-heading>collective tribal production</ce:index-heading><ce:intra-ref xlink:href="pii:B978-0-12-809756-4.00012-X#p0175" id="intraref471">218–219</ce:intra-ref></ce:index-entry><ce:index-entry id="idx384"><ce:index-heading>colonization</ce:index-heading><ce:intra-ref xlink:href="pii:B978-0-12-809756-4.00012-X#p0130" id="intraref472">215–216</ce:intra-ref></ce:index-entry><ce:index-entry id="idx385"><ce:index-heading>cost of slaves</ce:index-heading><ce:intra-ref xlink:href="pii:B978-0-12-809756-4.00012-X#p0150" id="intraref473">217</ce:intra-ref></ce:index-entry><ce:index-entry id="idx386"><ce:index-heading>individual self-consumption farms</ce:index-heading><ce:intra-ref xlink:href="pii:B978-0-12-809756-4.00012-X#p0175" id="intraref474">218–219</ce:intra-ref></ce:index-entry><ce:index-entry id="idx387"><ce:index-heading>initial set-up</ce:index-heading><ce:intra-ref xlink:href="pii:B978-0-12-809756-4.00012-X#p0140" id="intraref476">216</ce:intra-ref></ce:index-entry><ce:index-entry id="idx388"><ce:index-heading>market-oriented establishments</ce:index-heading><ce:intra-ref xlink:href="pii:B978-0-12-809756-4.00012-X#p0175" id="intraref477">218–219</ce:intra-ref></ce:index-entry><ce:index-entry id="idx389"><ce:index-heading>unskilled workers</ce:index-heading><ce:intra-ref xlink:href="pii:B978-0-12-809756-4.00012-X#p0145" id="intraref479">216–217</ce:intra-ref></ce:index-entry></ce:index-entry><ce:index-entry id="idx390"><ce:index-heading>Socially inherited abilities</ce:index-heading><ce:intra-ref xlink:href="pii:B978-0-12-809756-4.00007-6#o0020" id="intraref480">113</ce:intra-ref></ce:index-entry><ce:index-entry id="idx391"><ce:index-heading>Surrogated per capita GDP</ce:index-heading><ce:index-entry id="idx392"><ce:index-heading>basic assumptions</ce:index-heading><ce:intra-ref xlink:href="pii:B978-0-12-809756-4.00006-4#p0075" id="intraref481">89</ce:intra-ref></ce:index-entry><ce:index-entry id="idx393"><ce:index-heading>families tend to reproduce their human capital</ce:index-heading><ce:intra-ref xlink:href="pii:B978-0-12-809756-4.00006-4#s0030" id="intraref482">91–92</ce:intra-ref></ce:index-entry><ce:index-entry id="idx394"><ce:index-heading>free mobility</ce:index-heading><ce:intra-ref xlink:href="pii:B978-0-12-809756-4.00006-4#s0040" id="intraref483">93–94</ce:intra-ref></ce:index-entry><ce:index-entry id="idx395"><ce:index-heading>growth rate populations <ce:italic>vs.</ce:italic> average growth rate of the population</ce:index-heading><ce:intra-ref xlink:href="pii:B978-0-12-809756-4.00006-4#s0035" id="intraref1485">92–93</ce:intra-ref></ce:index-entry><ce:index-entry id="idx396"><ce:index-heading>human capital of immigrants</ce:index-heading><ce:intra-ref xlink:href="pii:B978-0-12-809756-4.00006-4#s0025" id="intraref1486">90–91</ce:intra-ref></ce:index-entry><ce:index-entry id="idx397"><ce:index-heading>perfect capital mobility</ce:index-heading><ce:intra-ref xlink:href="pii:B978-0-12-809756-4.00006-4#s0045" id="intraref487">94–95</ce:intra-ref></ce:index-entry></ce:index-entry></ce:index-sec><ce:index-sec id="indexT"><ce:section-title id="indsect0090">T</ce:section-title><ce:index-entry id="idx398"><ce:index-heading>Total factor productivity</ce:index-heading><ce:intra-ref xlink:href="pii:B978-0-12-809756-4.00010-6#s0035" id="intraref1487">181</ce:intra-ref></ce:index-entry></ce:index-sec><ce:index-sec id="indexU"><ce:section-title id="indsect0095">U</ce:section-title><ce:index-entry id="idx399"><ce:index-heading>United Nations Economic Commission for Latin America</ce:index-heading><ce:intra-ref xlink:href="pii:B978-0-12-809756-4.00004-0#p0225" id="intraref488">57–58</ce:intra-ref></ce:index-entry></ce:index-sec><ce:index-sec id="indexW"><ce:section-title id="indsect0100">W</ce:section-title><ce:index-entry id="idx400"><ce:index-heading>World economy, goods/production factors</ce:index-heading><ce:index-entry id="idx401"><ce:index-heading>demand for each good</ce:index-heading><ce:index-entry id="idx402"><ce:index-heading>budget constraint</ce:index-heading><ce:intra-ref xlink:href="pii:B978-0-12-809756-4.00003-9#p0050" id="intraref489">31</ce:intra-ref></ce:index-entry></ce:index-entry><ce:index-entry id="idx403"><ce:index-heading>human capital and labor</ce:index-heading><ce:intra-ref xlink:href="pii:B978-0-12-809756-4.00003-9#p0035" id="intraref490">30–31</ce:intra-ref></ce:index-entry><ce:index-entry id="idx404"><ce:index-heading>natural resources</ce:index-heading><ce:intra-ref xlink:href="pii:B978-0-12-809756-4.00003-9#p0035" id="intraref491">30–31</ce:intra-ref></ce:index-entry><ce:index-entry id="idx405"><ce:index-heading>physical capital</ce:index-heading><ce:intra-ref xlink:href="pii:B978-0-12-809756-4.00003-9#p0035" id="intraref492">30–31</ce:intra-ref></ce:index-entry><ce:index-entry id="idx406"><ce:index-heading>production of each good</ce:index-heading><ce:index-entry id="idx407"><ce:index-heading>Cobb–Douglas production function</ce:index-heading><ce:intra-ref xlink:href="pii:B978-0-12-809756-4.00003-9#p0130" id="intraref493">33–34</ce:intra-ref></ce:index-entry><ce:index-entry id="idx408"><ce:index-heading>profit function</ce:index-heading><ce:intra-ref xlink:href="pii:B978-0-12-809756-4.00003-9#p0140" id="intraref494">34</ce:intra-ref></ce:index-entry></ce:index-entry></ce:index-entry></ce:index-sec></ce:index></index>