<?xml version="1.0" encoding="UTF-8"?><!DOCTYPE fb-non-chapter PUBLIC "-//ES//DTD book DTD version 5.4.0//EN//XML" "book540.dtd" [<!ENTITY fm01-9780128097564 SYSTEM "fm01-9780128097564" NDATA IMAGE><!ENTITY fm02-9780128097564 SYSTEM "fm02-9780128097564" NDATA IMAGE>]><fb-non-chapter version="5.4" id="ctr00001" docsubtype="ctr"><info><ce:pii>B978-0-12-809756-4.01001-1</ce:pii><ce:doi>10.1016/B978-0-12-809756-4.01001-1</ce:doi><ce:isbn>978-0-12-809756-4</ce:isbn><ce:copyright type="full-transfer" year="2016">Elsevier Inc.</ce:copyright></info><ce:title id="title0010">Front Matter</ce:title><ce:section id="s0010"><ce:section-title id="cesectitle0010">Roots of Brazilian Relative Economic Backwardness</ce:section-title><ce:para id="p0010">Alexandre Rands Barros</ce:para><ce:para id="p0015"><ce:inline-figure><ce:link locator="fm01-9780128097564" xlink:type="simple" xlink:href="pii:B9780128097564010011/fm01-9780128097564" id="link1"/></ce:inline-figure></ce:para><ce:para id="p0020">AMSTERDAM • BOSTON • HEIDELBERG • LONDON NEW YORK • OXFORD • PARIS • SAN DIEGO SAN FRANCISCO • SINGAPORE • SYDNEY • TOKYO</ce:para><ce:para id="p0025">Academic Press is an imprint of Elsevier</ce:para><ce:para id="p0030"><ce:inline-figure><ce:link locator="fm02-9780128097564" xlink:type="simple" xlink:href="pii:B9780128097564010011/fm02-9780128097564" id="link2"/></ce:inline-figure></ce:para></ce:section></fb-non-chapter>