<?xml version="1.0"?>
<SOAP-ENV:Envelope 
xmlns:SOAP-ENV="http://schemas.xmlsoap.org/soap/envelope/" 
xmlns:xsd="http://www.w3.org/2001/XMLSchema" 
xmlns:xsi="http://www.w3.org/2001/XMLSchema-instance" 
xmlns:SOAP-ENC="http://schemas.xmlsoap.org/soap/encoding/">

<SOAP-ENV:Body 
SOAP-ENV:encodingStyle="http://schemas.xmlsoap.org/soap/encoding/" 
xmlns:NS2="urn:elsWSconsts">

<NS1:GetOemsResponse xmlns:NS1="urn:pvwsadminIntf-Ipvwsadmin">
<return xsi:type="xsd:int">0</return>
<oemInfos xsi:type="SOAP-ENC:Array" SOAP-ENC:arrayType="NS2:oemInfoDef[15]">
<item href="#1"/>
<item href="#2"/>
<item href="#3"/>
<item href="#4"/>
<item href="#5"/>
<item href="#6"/>
<item href="#7"/>
<item href="#8"/>
<item href="#9"/>
<item href="#10"/>
<item href="#11"/>
<item href="#12"/>
<item href="#13"/>
<item href="#14"/>
<item href="#15"/>
</oemInfos>
</NS1:GetOemsResponse>

<NS2:oemInfoDef id="1" xsi:type="NS2:oemInfoDef">
<oemID xsi:type="xsd:int">0</oemID>
<oemName xsi:type="xsd:string">root0</oemName>
<enabled xsi:type="xsd:boolean">true</enabled>
</NS2:oemInfoDef>

<NS2:oemInfoDef id="2" xsi:type="NS2:oemInfoDef">
<oemID xsi:type="xsd:int">2</oemID>
<oemName xsi:type="xsd:string">root2</oemName>
<enabled xsi:type="xsd:boolean">true</enabled>
</NS2:oemInfoDef>

<NS2:oemInfoDef id="3" xsi:type="NS2:oemInfoDef">
<oemID xsi:type="xsd:int">320</oemID>
<oemName xsi:type="xsd:string">dletestlab1</oemName>
<enabled xsi:type="xsd:boolean">true</enabled>
</NS2:oemInfoDef>

<NS2:oemInfoDef id="4" xsi:type="NS2:oemInfoDef">
<oemID xsi:type="xsd:int">321</oemID>
<oemName xsi:type="xsd:string">active04--2003-1</oemName>
<enabled xsi:type="xsd:boolean">true</enabled>
</NS2:oemInfoDef>

<NS2:oemInfoDef id="5" xsi:type="NS2:oemInfoDef">
<oemID xsi:type="xsd:int">322</oemID>
<oemName xsi:type="xsd:string">active05--2003-1</oemName>
<enabled xsi:type="xsd:boolean">true</enabled>
</NS2:oemInfoDef>

<NS2:oemInfoDef id="6" xsi:type="NS2:oemInfoDef">
<oemID xsi:type="xsd:int">325</oemID>
<oemName xsi:type="xsd:string">dletestlab2</oemName>
<enabled xsi:type="xsd:boolean">true</enabled>
</NS2:oemInfoDef>

<NS2:oemInfoDef id="7" xsi:type="NS2:oemInfoDef">
<oemID xsi:type="xsd:int">326</oemID>
<oemName xsi:type="xsd:string">dletestlab3</oemName>
<enabled xsi:type="xsd:boolean">true</enabled>
</NS2:oemInfoDef>

<NS2:oemInfoDef id="8" xsi:type="NS2:oemInfoDef">
<oemID xsi:type="xsd:int">327</oemID>
<oemName xsi:type="xsd:string">dletestlab4</oemName>
<enabled xsi:type="xsd:boolean">true</enabled>
</NS2:oemInfoDef>

<NS2:oemInfoDef id="9" xsi:type="NS2:oemInfoDef">
<oemID xsi:type="xsd:int">328</oemID>
<oemName xsi:type="xsd:string">dletestlab5</oemName>
<enabled xsi:type="xsd:boolean">true</enabled>
</NS2:oemInfoDef>

<NS2:oemInfoDef id="10" xsi:type="NS2:oemInfoDef">
<oemID xsi:type="xsd:int">329</oemID>
<oemName xsi:type="xsd:string">dletestlab6</oemName>
<enabled xsi:type="xsd:boolean">true</enabled>
</NS2:oemInfoDef>

<NS2:oemInfoDef id="11" xsi:type="NS2:oemInfoDef">
<oemID xsi:type="xsd:int">21532</oemID>
<oemName xsi:type="xsd:string">differentname--2003-1</oemName>
<enabled xsi:type="xsd:boolean">true</enabled>
</NS2:oemInfoDef>

<NS2:oemInfoDef id="12" xsi:type="NS2:oemInfoDef">
<oemID xsi:type="xsd:int">21631</oemID>
<oemName xsi:type="xsd:string"></oemName>
<enabled xsi:type="xsd:boolean">true</enabled>
</NS2:oemInfoDef>

<NS2:oemInfoDef id="13" xsi:type="NS2:oemInfoDef">
<oemID xsi:type="xsd:int">21731</oemID>
<oemName xsi:type="xsd:string">tobedisabled--2003-1</oemName>
<enabled xsi:type="xsd:boolean">false</enabled>
</NS2:oemInfoDef>

<NS2:oemInfoDef id="14" xsi:type="NS2:oemInfoDef">
<oemID xsi:type="xsd:int">21831</oemID>
<oemName xsi:type="xsd:string">active--2003-1</oemName>
<enabled xsi:type="xsd:boolean">true</enabled>
</NS2:oemInfoDef>

<NS2:oemInfoDef id="15" xsi:type="NS2:oemInfoDef">
<oemID xsi:type="xsd:int">21931</oemID>
<oemName xsi:type="xsd:string">inactive--2003-1</oemName>
<enabled xsi:type="xsd:boolean">false</enabled>
</NS2:oemInfoDef>

</SOAP-ENV:Body>
</SOAP-ENV:Envelope>
