<?xml version="1.0" encoding="UTF-8"?><!DOCTYPE chapter PUBLIC "-//ES//DTD book DTD version 5.4.0//EN//XML" "book540.dtd" [<!ENTITY f34-01-9780323280488 SYSTEM "f34-01-9780323280488" NDATA IMAGE><!ENTITY f34-02-9780323280488 SYSTEM "f34-02-9780323280488" NDATA IMAGE><!ENTITY f34-03-9780323280488 SYSTEM "f34-03-9780323280488" NDATA IMAGE><!ENTITY icon03-9780323280488 SYSTEM "icon03-9780323280488" NDATA IMAGE><!ENTITY icon04-9780323280488 SYSTEM "icon04-9780323280488" NDATA IMAGE><!ENTITY icon05-9780323280488 SYSTEM "icon05-9780323280488" NDATA IMAGE>]><chapter version="5.4" id="c0034" docsubtype="chp"><info><ce:pii>B978-0-323-28048-8.00034-8</ce:pii><ce:doi>10.1016/B978-0-323-28048-8.00034-8</ce:doi><ce:isbn>978-0-323-28048-8</ce:isbn><ce:copyright type="full-transfer" year="2017">Elsevier Inc.</ce:copyright></info><ce:floats><ce:figure id="f0010"><ce:label>FIGURE E1A-55</ce:label><ce:caption id="cap0010"><ce:simple-para id="fspara0010" role="title">Macroglossia in a patient with primary amyloidosis, demonstrating peripheral ridging caused by teeth indentation.</ce:simple-para></ce:caption><ce:source>(From Hochberg MC et&nbsp;al: <ce:italic>Rheumatology</ce:italic>, ed 5, St Louis, 2011, Mosby.)</ce:source><ce:link locator="f34-01-9780323280488" id="link1" xlink:href="pii:B9780323280488000348/f34-01-9780323280488"/></ce:figure><ce:figure id="f0015"><ce:label>FIGURE E1A-56</ce:label><ce:caption id="cap0015"><ce:simple-para id="fspara0015" role="title">Hand involvement in A&beta;<ce:inf>2</ce:inf>M amyloidosis.</ce:simple-para><ce:simple-para id="fspara0020">Hand of a long-term hemodialysis patient showing maximal extension. Note the prominence of shrunken flexor tendons (arrows). This is also known as the &ldquo;guitar string&rdquo; sign.</ce:simple-para></ce:caption><ce:source>(From Floege J et&nbsp;al: <ce:italic>Comprehensive clinical nephrology</ce:italic>, ed 4, Philadelphia, 2010, Saunders.)</ce:source><ce:link locator="f34-02-9780323280488" id="link2" xlink:href="pii:B9780323280488000348/f34-02-9780323280488"/></ce:figure><ce:figure id="f0020"><ce:label>FIGURE E1A-57</ce:label><ce:caption id="cap0020"><ce:simple-para id="fspara0025" role="title">Algorithm for the diagnosis of amyloidosis and determination of type.</ce:simple-para></ce:caption><ce:source>(From Firestein GS, Budd RC, Gabriel SE, et&nbsp;al: <ce:italic>Kelly&rsquo;s textbook of rheumatology</ce:italic>, ed 9, Philadelphia, 2013, Saunders.)</ce:source><ce:link locator="f34-03-9780323280488" id="link3" xlink:href="pii:B9780323280488000348/f34-03-9780323280488"/></ce:figure><ce:table rowsep="0" colsep="0" frame="topbot" id="t0010"><ce:label>TABLE E1A-27</ce:label><ce:caption id="cap0025"><ce:simple-para id="tspara0010">Classification of Amyloidosis<ce:cross-ref refid="tble1a_24fnlowast" id="crosref0010"><ce:sup>&lowast;</ce:sup></ce:cross-ref></ce:simple-para></ce:caption><ce:source>Modified from Hochberg MC et&nbsp;al: <ce:italic>Rheumatology</ce:italic>, ed 5, St Louis, 2011, Mosby.</ce:source><tgroup cols="3"><colspec colnum="1" colname="col1"/><colspec colnum="2" colname="col2"/><colspec colnum="3" colname="col3"/><thead><row rowsep="1" valign="top"><entry>Type</entry><entry>Fibril Precursor Protein</entry><entry>Clinical Syndrome</entry></row></thead><tbody><row valign="top"><entry>Primary amyloidosis (AA)</entry><entry>Serum amyloid A protein</entry><entry>Systemic amyloidosis usually with predominant renal involvement associated with acquired or hereditary chronic inflammatory diseases. Formerly known as <ce:italic>secondary</ce:italic> or <ce:italic>reactive amyloidosis.</ce:italic></entry></row><row valign="top"><entry>Secondary amyloidosis (AL)</entry><entry>Monoclonal immunoglobulin light chains</entry><entry>Systemic amyloidosis potentially involving many organ systems associated with myeloma, monoclonal gammopathy, and occult B-cell dyscrasias. Formerly known as <ce:italic>primary amyloidosis.</ce:italic></entry></row><row valign="top"><entry>ATTR</entry><entry>Normal plasma transthyretin</entry><entry>Senile systemic amyloidosis with predominant cardiac involvement (senile cardiac amyloidosis).</entry></row><row valign="top"><entry>ATTR</entry><entry>Genetic variants of transthyretin (e.g., ATTR Met30, Ala60, Ile122)</entry><entry>Familial amyloid polyneuropathy (FAP), often with prominent amyloid cardiomyopathy. Predominant cardiac involvement without neuropathy with certain mutations (e.g., TTR Ile122).</entry></row><row valign="top"><entry>Ab2M</entry><entry>&beta;2-Microglobulin</entry><entry>Dialysis-related amyloidosis (DRA) associated with renal failure and long-term dialysis. Predominant articular and periarticular involvement.</entry></row><row valign="top"><entry>Ab</entry><entry>&beta;-Protein precursor (and rare genetic variants)</entry><entry>Cerebrovascular and intracerebral plaque amyloid in Alzheimer&rsquo;s disease. Occasionally familial.</entry></row><row valign="top"><entry>AApoAI<ce:br/>AApoAII</entry><entry>Genetic variants of apolipoprotein AI (e.g., AApoAI Arg26, Arg60)<ce:br/>Genetic variants of apolipoprotein AII</entry><entry>Autosomal-dominant systemic amyloidosis. Predominantly non-neuropathic with prominent visceral involvement, especially nephropathy. Minor wild-type ApoAI amyloid deposits may occur in the aorta in aging individuals.<ce:br/>Autosomal-dominant systemic amyloidosis with predominant renal involvement.</entry></row><row valign="top"><entry>AFib</entry><entry>Genetic variants of fibrinogen A &alpha;-chain (e.g., AFib Val526)</entry><entry>Autosomal-dominant systemic amyloidosis. Non-neuropathic with predominant nephropathy.</entry></row><row valign="top"><entry>ALys</entry><entry>Genetic variants of lysozyme (e.g., ALys His67)</entry><entry>Autosomal-dominant systemic amyloidosis. Non-neuropathic with predominant renal and gastrointestinal involvement. Rarely presents with hepatic rupture.</entry></row><row valign="top"><entry>ACys</entry><entry>Genetic variant of cystatin C (ACys Gln68)</entry><entry>Hereditary cerebral hemorrhage with cerebral and systemic amyloidosis in Icelandic subjects.</entry></row><row valign="top"><entry>AGel</entry><entry>Genetic variants of gelsolin (e.g., AGel Asn187)</entry><entry>Autosomal-dominant systemic amyloidosis. Predominant cranial nerve involvement plus lattice corneal dystrophy. Described and most common in Finland.</entry></row></tbody></tgroup><ce:legend><ce:simple-para id="tspara1000"><ce:italic>ATTR</ce:italic>, Transthyretin.</ce:simple-para></ce:legend><ce:table-footnote id="tble1a_24fnlowast"><ce:label>&lowast;</ce:label><ce:note-para id="fntpara0010">Not exhaustive, and amyloid composed of peptide hormones, prion protein, and unknown proteins not included.</ce:note-para></ce:table-footnote></ce:table><ce:table rowsep="0" colsep="0" frame="topbot" id="t0015"><ce:label>TABLE E1A-28</ce:label><ce:caption id="cap0030"><ce:simple-para id="tspara0015">Major Treatment Options for Amyloidosis</ce:simple-para></ce:caption><ce:source>From Firestein GS, Budd RC, Gabriel SE, et&nbsp;al: <ce:italic>Kelly&rsquo;s textbook of rheumatology</ce:italic>, ed 9, Philadelphia, 2013, Saunders.</ce:source><tgroup cols="1"><colspec colnum="1" colname="col1"/><tbody><row role="thead1" valign="top"><entry>AL Amyloidosis</entry></row><row valign="top"><entry>Intravenous melphalan with autologous stem cell rescue<ce:list id="ulist0010"><ce:list-item id="u0010"><ce:label>&bull;</ce:label><ce:para id="p0010">Granulocyte colony-stimulating factor&ndash;mobilized peripheral blood stem cell collection</ce:para></ce:list-item><ce:list-item id="u0015"><ce:label>&bull;</ce:label><ce:para id="p0015">Intravenous melphalan 140-200 mg/m<ce:sup>2</ce:sup></ce:para></ce:list-item><ce:list-item id="u0020"><ce:label>&bull;</ce:label><ce:para id="p0020">Autologous stem cell reinfusion</ce:para></ce:list-item></ce:list></entry></row><row valign="top"><entry>Cyclic oral melphalan and dexamethasone<ce:list id="ulist0015"><ce:list-item id="u0025"><ce:label>&bull;</ce:label><ce:para id="p0025">Melphalan 0.22 mg/kg/day &times; 4 days</ce:para></ce:list-item><ce:list-item id="u0030"><ce:label>&bull;</ce:label><ce:para id="p0030">Dexamethasone 20-40 mg/day &times; 4 days, or weekly</ce:para></ce:list-item><ce:list-item id="u0035"><ce:label>&bull;</ce:label><ce:para id="p0035">Repeat administration every 4 weeks</ce:para></ce:list-item></ce:list></entry></row><row valign="top"><entry>Immunomodulators<ce:list id="ulist0020"><ce:list-item id="u0040"><ce:label>&bull;</ce:label><ce:para id="p0040">Lenalidomide 5-15 mg/day &times; 21 days</ce:para></ce:list-item><ce:list-item id="u0045"><ce:label>&bull;</ce:label><ce:para id="p0045">Dexamethasone 20-40 mg/day weekly</ce:para></ce:list-item><ce:list-item id="u0050"><ce:label>&bull;</ce:label><ce:para id="p0050">Repeat administration every 4 weeks</ce:para></ce:list-item></ce:list></entry></row><row valign="top"><entry>Proteasome inhibitors<ce:list id="ulist0025"><ce:list-item id="u0055"><ce:label>&bull;</ce:label><ce:para id="p0055">Intravenous bortezomib, 0.7-1.6 mg/m<ce:sup>2</ce:sup> 1-2 times per week</ce:para></ce:list-item><ce:list-item id="u0060"><ce:label>&bull;</ce:label><ce:para id="p0060">Repeat every 3-5 weeks</ce:para></ce:list-item></ce:list></entry></row><row role="thead1" valign="top"><entry>AA Amyloidosis</entry></row><row valign="top"><entry><ce:list id="ulist0030"><ce:list-item id="u0065"><ce:label>&bull;</ce:label><ce:para id="p0065">Aggressive treatment of underlying inflammatory disease</ce:para></ce:list-item><ce:list-item id="u0070"><ce:label>&bull;</ce:label><ce:para id="p0070">Medical or surgical treatment of underlying infection</ce:para></ce:list-item><ce:list-item id="u0075"><ce:label>&bull;</ce:label><ce:para id="p0075">Colchicine 1.2-1.8 mg/day for AA amyloidosis secondary to familial Mediterranean fever</ce:para></ce:list-item><ce:list-item id="u0080"><ce:label>&bull;</ce:label><ce:para id="p0080">Antifibril drug, eprosidate (investigational)</ce:para></ce:list-item></ce:list></entry></row><row role="thead1" valign="top"><entry>ATTR Amyloidosis</entry></row><row valign="top"><entry><ce:list id="ulist0035"><ce:list-item id="u0085"><ce:label>&bull;</ce:label><ce:para id="p0085">Orthotopic liver transplantation</ce:para></ce:list-item><ce:list-item id="u0090"><ce:label>&bull;</ce:label><ce:para id="p0090">Transthyretin stabilizers: tafamadis, diflunisal (investigational)</ce:para></ce:list-item></ce:list></entry></row></tbody></tgroup></ce:table><ce:table rowsep="0" colsep="0" frame="topbot" id="t0020"><ce:label>TABLE E1A-29</ce:label><ce:caption id="cap0035"><ce:simple-para id="tspara0020">Supportive Treatment for All Types of Amyloidosis</ce:simple-para></ce:caption><tgroup cols="3"><colspec colnum="1" colname="col1"/><colspec colnum="2" colname="col2"/><colspec colnum="3" colname="col3"/><thead><row rowsep="1" valign="top"><entry>Organ System</entry><entry>Symptom</entry><entry>Treatment Options</entry></row></thead><tbody><row valign="top"><entry>Cardiac</entry><entry>Congestive failure</entry><entry>Salt restriction of 1-2 g/day</entry></row><row valign="top"><entry/><entry/><entry>Diuretics: furosemide, spironolactone, metolazone</entry></row><row valign="top"><entry/><entry>Arrhythmia</entry><entry>Pacemaker</entry></row><row valign="top"><entry/><entry/><entry>Automatic implantable cardiac defibrillator</entry></row><row valign="top"><entry/><entry/><entry>Antiarrhythmics</entry></row><row valign="top"><entry>Renal</entry><entry>Nephrotic syndrome</entry><entry>Salt restriction of 1-2 g/day</entry></row><row valign="top"><entry/><entry/><entry>Elastic stockings, leg elevation</entry></row><row valign="top"><entry/><entry/><entry>Maintaining dietary protein</entry></row><row valign="top"><entry/><entry/><entry>Angiotensin-converting enzyme inhibitor, if blood pressure tolerates</entry></row><row valign="top"><entry/><entry>Renal failure</entry><entry>Dialysis (long-term ambulatory peritoneal dialysis or hemodialysis)</entry></row><row valign="top"><entry>Autonomic nervous</entry><entry>Orthostatic hypotension</entry><entry>Midodrine</entry></row><row valign="top"><entry/><entry/><entry>Increased dietary salt or added fludrocortisone, depending on edema</entry></row><row valign="top"><entry/><entry/><entry>Elastic stockings</entry></row><row valign="top"><entry/><entry>Gastric atony or ileus</entry><entry>Small frequent feedings (6/day) low in fat</entry></row><row valign="top"><entry/><entry/><entry>Oral nutritional supplements</entry></row><row valign="top"><entry/><entry/><entry>Jejunostomy tube feeding</entry></row><row valign="top"><entry/><entry/><entry>Parenteral nutrition</entry></row><row valign="top"><entry>Gastrointestinal</entry><entry>Diarrhea</entry><entry>Low-fat diet (&le;40 g)</entry></row><row valign="top"><entry/><entry/><entry>Psyllium hydrophilic mucilloid (Metamucil)</entry></row><row valign="top"><entry/><entry/><entry>Loperamide hydrochloride (Imodium)</entry></row><row valign="top"><entry/><entry/><entry>Tincture of opium</entry></row><row valign="top"><entry/><entry/><entry>Parenteral nutrition</entry></row><row valign="top"><entry/><entry>Macroglossia</entry><entry>Soft solid diet</entry></row><row valign="top"><entry/><entry/><entry>Partial glossectomy (rarely effective)</entry></row><row valign="top"><entry>Peripheral nervous</entry><entry>Sensory neuropathy</entry><entry>Avoiding trauma</entry></row><row valign="top"><entry/><entry/><entry>Gabapentin (Neurontin) 100-300 mg 3 times daily</entry></row><row valign="top"><entry/><entry/><entry>Amitriptyline 25-50 mg at bedtime</entry></row><row valign="top"><entry/><entry/><entry>Pregabalin (Lyrica) 50-100 mg 3 times daily</entry></row><row valign="top"><entry/><entry>Motor neuropathy</entry><entry>Ankle-foot orthotics for footdrop</entry></row><row valign="top"><entry/><entry/><entry>Physical therapy</entry></row><row valign="top"><entry>Hematologic</entry><entry>Intracutaneous bleeding</entry><entry>Avoiding trauma, antiplatelet agents</entry></row><row valign="top"><entry/><entry>Factor X deficiency</entry><entry>Factor replacement (recombinant factor VIIa, prothrombin complex concentrates)</entry></row><row valign="top"><entry/><entry/><entry>Splenectomy for splenomegaly</entry></row></tbody></tgroup></ce:table></ce:floats><ce:title id="title0010">Amyloidosis</ce:title><ce:author-group id="augrp0010"><ce:author id="au1"><ce:given-name>Bilal H.</ce:given-name><ce:surname>Naqvi</ce:surname><ce:degrees>M.D.</ce:degrees></ce:author><ce:author id="au2"><ce:given-name>Fred F.</ce:given-name><ce:surname>Ferri</ce:surname><ce:degrees>M.D.</ce:degrees></ce:author></ce:author-group><ce:sections><ce:section id="s0010"><ce:section-title id="cesectitle0010"><ce:inline-figure><ce:link locator="icon03-9780323280488" id="link4" xlink:href="pii:B9780323280488000348/icon03-9780323280488"/></ce:inline-figure> Basic Information</ce:section-title><ce:section id="s0015"><ce:section-title id="cesectitle0015">Definition</ce:section-title><ce:para id="p0095">The term <ce:italic>amyloidosis</ce:italic> refers to a heterogeneous group of disorders that are all characterized by the deposition of an amorphous, extracellular fibrillar protein in various organs and tissues of the body. It has the following subtypes:<ce:list id="ulist0040"><ce:list-item id="u0095"><ce:label>&bull;</ce:label><ce:para id="p0100">Primary amyloidosis (AL)</ce:para></ce:list-item><ce:list-item id="u0100"><ce:label>&bull;</ce:label><ce:para id="p0105">Secondary amyloidosis (AA)</ce:para></ce:list-item><ce:list-item id="u0105"><ce:label>&bull;</ce:label><ce:para id="p0110">Hereditary amyloidosis</ce:para></ce:list-item><ce:list-item id="u0110"><ce:label>&bull;</ce:label><ce:para id="p0115">Localized amyloidosis</ce:para></ce:list-item></ce:list><ce:display><ce:textbox id="b0010"><ce:textbox-body><ce:sections><ce:para id="bpar0010"><ce:display><ce:table rowsep="0" colsep="0" frame="topbot" id="t0025"><tgroup cols="1"><colspec colnum="1" colname="col1"/><tbody><row valign="top"><entry><ce:bold>ICD-10CM CODES</ce:bold></entry></row><row valign="top"><entry>E85.9<ce:hsp sp="1"/>Amyloidosis, unspecified</entry></row><row valign="top"><entry>E85.0<ce:hsp sp="1"/>Non-neuropathic heredofamilial amyloidosis</entry></row><row valign="top"><entry>E85.1<ce:hsp sp="1"/>Neuropathic heredofamilial amyloidosis</entry></row><row valign="top"><entry>E85.2<ce:hsp sp="1"/>Heredofamilial amyloidosis, unspecified</entry></row><row valign="top"><entry>E85.3<ce:hsp sp="1"/>Secondary systemic amyloidosis</entry></row><row valign="top"><entry>E85.4<ce:hsp sp="1"/>Organ-limited amyloidosis</entry></row><row valign="top"><entry>E85.8<ce:hsp sp="1"/>Other amyloidosis</entry></row></tbody></tgroup></ce:table></ce:display></ce:para></ce:sections></ce:textbox-body></ce:textbox></ce:display></ce:para></ce:section><ce:section id="s0020"><ce:section-title id="cesectitle0020">Epidemiology &amp; Demographics</ce:section-title><ce:section id="s0025"><ce:section-title id="cesectitle0025">Incidence (In U.S.)</ce:section-title><ce:para id="p0120">Between 1500 and 3500 new cases are diagnosed annually. The most common type is AL.</ce:para></ce:section><ce:section id="s0030"><ce:section-title id="cesectitle0030">Prevalence</ce:section-title><ce:para id="p0125">Amyloidosis primarily affects men between the ages of 60 and 70 yr.</ce:para></ce:section></ce:section><ce:section id="s0035"><ce:section-title id="cesectitle0035">Physical Findings &amp; Clinical Presentation</ce:section-title><ce:para id="p0130"><ce:list id="ulist0045"><ce:list-item id="u0115"><ce:label>&bull;</ce:label><ce:para id="p0135">The most common presenting symptoms of amyloidosis are fatigue, dyspnea, edema, paresthesias, and weight loss. Other findings depend on organ system involvement.</ce:para></ce:list-item><ce:list-item id="u0120"><ce:label>&bull;</ce:label><ce:para id="p0140">Signs and symptoms of nephrotic syndrome may be present with renal involvement.</ce:para></ce:list-item><ce:list-item id="u0125"><ce:label>&bull;</ce:label><ce:para id="p0145">Fatigue and dyspnea may occur with pulmonary involvement.</ce:para></ce:list-item><ce:list-item id="u0130"><ce:label>&bull;</ce:label><ce:para id="p0150">GI involvement is uncommon but presents with diarrhea, nausea, abdominal pain, and macroglossia (<ce:cross-ref refid="f0010" id="crosref0015">Fig. E1A-55</ce:cross-ref>).</ce:para></ce:list-item><ce:list-item id="u0135"><ce:label>&bull;</ce:label><ce:para id="p0155">Patients with cardiac involvement have an infiltrative cardiomyopathy and present with a preserved ejection fraction (EF) and diastolic dysfunction.</ce:para></ce:list-item><ce:list-item id="u0140"><ce:label>&bull;</ce:label><ce:para id="p0160">Patients may present with bleeding problems caused by either factor X deficiency or fragile blood vessels caused by infiltration by amyloid. Bleeding around the eyes (raccoon eyes) is a characteristic finding.</ce:para></ce:list-item><ce:list-item id="u0145"><ce:label>&bull;</ce:label><ce:para id="p0165">Involvement of the nervous system presents with peripheral neuropathy, tendinopathy (<ce:cross-ref refid="f0015" id="crosref0020">Fig. E1A-56</ce:cross-ref>), muscle weakness, numbness, syncope, or dizziness. Associated autonomic neuropathy can also cause severe disabling symptoms.</ce:para></ce:list-item></ce:list></ce:para></ce:section><ce:section id="s0040"><ce:section-title id="cesectitle0040">Etiology</ce:section-title><ce:para id="p0170">The deposition of an amorphous, extracellular fibrillar protein in various tissues that stains with Congo red is the common underlying mechanism, but there are important differences among various subtypes:<ce:list id="ulist0050"><ce:list-item id="u0150"><ce:label>&bull;</ce:label><ce:para id="p0175">AL is associated with an underlying clonal plasma cell disorder making an abnormal light chain protein with possible deposition in multiple organ systems.</ce:para></ce:list-item><ce:list-item id="u0155"><ce:label>&bull;</ce:label><ce:para id="p0180">AA has no underlying plasma cell disorder and is a consequence of longstanding systemic inflammation (e.g., tuberculosis, leprosy, malaria, untreated syphilis).</ce:para></ce:list-item><ce:list-item id="u0160"><ce:label>&bull;</ce:label><ce:para id="p0185">Localized amyloidosis results from localized synthesis of fibrillar material with no underlying plasma cell disorder.</ce:para></ce:list-item><ce:list-item id="u0165"><ce:label>&bull;</ce:label><ce:para id="p0190">Familial amyloidosis is another subtype, with the most common form resulting from mutation of transthyretin gene (TTR). Transthyretin amyloidosis is caused by the deposition of hepatocyte-derived transthyretin amyloid in peripheral nerves and the heart.</ce:para></ce:list-item><ce:list-item id="u0170"><ce:label>&bull;</ce:label><ce:para id="p0195">A classification of amyloidosis is described in <ce:cross-ref refid="t0010" id="crosref0025">Table E1A-27</ce:cross-ref>.</ce:para></ce:list-item></ce:list></ce:para></ce:section></ce:section><ce:section id="s0045"><ce:section-title id="cesectitle0045"><ce:inline-figure><ce:link locator="icon04-9780323280488" id="link5" xlink:href="pii:B9780323280488000348/icon04-9780323280488"/></ce:inline-figure> Diagnosis</ce:section-title><ce:section id="s0050"><ce:section-title id="cesectitle0050">Differential Diagnosis</ce:section-title><ce:para id="p0200">Differential diagnosis varies depending on the organ involvement:<ce:list id="ulist0055"><ce:list-item id="u0175"><ce:label>&bull;</ce:label><ce:para id="p0205">Renal involvement (toxin- or drug-induced necrosis, glomerulonephritis, renal vein thrombosis)</ce:para></ce:list-item><ce:list-item id="u0180"><ce:label>&bull;</ce:label><ce:para id="p0210">Interstitial lung disease (sarcoidosis, connective tissue disease, infectious causative factors)</ce:para></ce:list-item><ce:list-item id="u0185"><ce:label>&bull;</ce:label><ce:para id="p0215">Restrictive cardiomyopathy (endomyocardial fibrosis, viral myocarditis)</ce:para></ce:list-item><ce:list-item id="u0190"><ce:label>&bull;</ce:label><ce:para id="p0220">Carpal tunnel (rheumatoid arthritis, hypothyroidism, overuse)</ce:para></ce:list-item><ce:list-item id="u0195"><ce:label>&bull;</ce:label><ce:para id="p0225">Peripheral neuropathy (alcohol abuse, vitamin deficiencies, diabetes mellitus)</ce:para></ce:list-item></ce:list></ce:para></ce:section><ce:section id="s0055"><ce:section-title id="cesectitle0055">Workup</ce:section-title><ce:para id="p0230">Workup consists of performing blood and urine tests to look for abnormal light chain in urine or blood, performing various tests to look for target organ damage, and getting histologic confirmation by doing a fat pad and bone marrow biopsy and then performing Congo red staining on that. <ce:cross-ref refid="f0020" id="crosref0030">Fig. E1A-57</ce:cross-ref> describes an algorithm for diagnosis of amyloidosis and determination of type.</ce:para></ce:section><ce:section id="s0060"><ce:section-title id="cesectitle0060">Laboratory Tests</ce:section-title><ce:para id="p0235"><ce:list id="ulist0060"><ce:list-item id="u0200"><ce:label>&bull;</ce:label><ce:para id="p0240">Immunofixation of serum and urine (SPEP, UPEP) to look for immunoglobulin light chain is a sensitive screening test.</ce:para></ce:list-item><ce:list-item id="u0205"><ce:label>&bull;</ce:label><ce:para id="p0245">CBC, blood urea nitrogen (BUN)/creatinine, liver function tests, thyroid functions, and urine for albumin.</ce:para></ce:list-item><ce:list-item id="u0210"><ce:label>&bull;</ce:label><ce:para id="p0250">Histologic confirmation is necessary with a fat pad and bone marrow biopsy with Congo red staining to establish a diagnosis.</ce:para></ce:list-item><ce:list-item id="u0215"><ce:label>&bull;</ce:label><ce:para id="p0255">If a noninvasive fat pad biopsy does not establish a diagnosis, then a biopsy of the affected organ may be needed.</ce:para></ce:list-item></ce:list></ce:para></ce:section><ce:section id="s0065"><ce:section-title id="cesectitle0065">Imaging Studies</ce:section-title><ce:para id="p0260"><ce:list id="ulist0065"><ce:list-item id="u0220"><ce:label>&bull;</ce:label><ce:para id="p0265">Two-dimensional Doppler echocardiography to study diagnostic filling is useful to evaluate for cardiac involvement.</ce:para></ce:list-item><ce:list-item id="u0225"><ce:label>&bull;</ce:label><ce:para id="p0270">Nuclear imaging with technetium-labeled aprotinin may detect cardiac amyloidosis. Labeled diphosphonates play an important role in the typing of amyloidosis and in diagnosing heart involvement in patients with transthyretin cardiac amyloidosis. Cardiac involvement in transthyretin patients may be diagnosed earlier with bone scintigraphy in<ce:anchor id="pg66.e4"/> transthyretin patients compared with echocardiography. Serum amyloid P component (SAP) scintigraphy has high sensitivity for the detection of amyloid deposits in liver, spleen, kidneys, adrenal glands, and bones.</ce:para></ce:list-item></ce:list></ce:para></ce:section></ce:section><ce:section id="s0070"><ce:section-title id="cesectitle0070"><ce:inline-figure><ce:link locator="icon05-9780323280488" id="link6" xlink:href="pii:B9780323280488000348/icon05-9780323280488"/></ce:inline-figure> Treatment</ce:section-title><ce:section id="s0075"><ce:section-title id="cesectitle0075">Acute General Rx</ce:section-title><ce:para id="p0275"><ce:list id="ulist0070"><ce:list-item id="u0230"><ce:label>&bull;</ce:label><ce:para id="p0280">The goal of therapy is to decrease the production of the amyloidogenic light chain with therapy directed at the clonal plasma cells.</ce:para></ce:list-item><ce:list-item id="u0235"><ce:label>&bull;</ce:label><ce:para id="p0285">All agents used to treat multiple myeloma are effective against AL, including melphalan, prednisone, oral dexamethasone, systemic chemotherapy such as cyclophosphamide, doxorubicin (Adriamycin), and more recently immunomodulatory compounds (IMiDs) such as thalidomide or lenalidomide, or proteosome inhibitors, but none has shown to be superior to melphalan and prednisone, which remain the treatment of choice. <ce:cross-ref refid="t0015" id="crosref0035">Table E1A-28</ce:cross-ref> summarizes major treatment options for amyloidosis.</ce:para></ce:list-item><ce:list-item id="u0240"><ce:label>&bull;</ce:label><ce:para id="p0290">Anti&ndash;tumor necrosis factor drugs may be useful to treat kidney amyloid A amyloidosis but may increase the risk and severity of infection.</ce:para></ce:list-item><ce:list-item id="u0245"><ce:label>&bull;</ce:label><ce:para id="p0295">Diflusinal, an NSAID, stabilizes transthyretin tetramers and prevents amyloid formation in&nbsp;vitro. Recent trials have shown that diflusinal reduces the rate of progression of neurologic impairment and preserves quality of life.<ce:cross-ref refid="fn1" id="crosref0040"><ce:sup>1</ce:sup></ce:cross-ref><ce:footnote id="fn1"><ce:label>1</ce:label><ce:note-para id="ntpara0010">Berk JL et&#xA0;al: Repurposing diflusinal for familial amyloid polyneuropathy. A randomized clinical trial, <ce:italic>JAMA</ce:italic> 310(24): 262-267, 2013.</ce:note-para></ce:footnote></ce:para></ce:list-item><ce:list-item id="u0250"><ce:label>&bull;</ce:label><ce:para id="p0300">Recent phase 1 trials have shown that treatment with CPHPC followed by anti-SAP antibody safely triggered clearance of amyloid deposits from the liver and some other tissues.<ce:cross-ref refid="fn2" id="crosref0045"><ce:sup>2</ce:sup></ce:cross-ref><ce:footnote id="fn2"><ce:label>2</ce:label><ce:note-para id="ntpara0015">Richards BD et&#xA0;al: Therapeutic clearance of amyloid by antibodies to serum amyloid P component. <ce:italic>N Engl J Med</ce:italic> 373:1106-1114, 2015</ce:note-para></ce:footnote></ce:para></ce:list-item><ce:list-item id="u0255"><ce:label>&bull;</ce:label><ce:para id="p0305">The use of high-dose chemotherapy and stem cell transplantation (SCT) for patients with amyloidosis remains controversial because of high treatment-related mortality. In highly selected patients with preserved organ function, autologous bone marrow transplant can have good results.</ce:para></ce:list-item><ce:list-item id="u0260"><ce:label>&bull;</ce:label><ce:para id="p0310">Patients who develop renal failure can be supported with hemodialysis or renal transplant.</ce:para></ce:list-item><ce:list-item id="u0265"><ce:label>&bull;</ce:label><ce:para id="p0315">Liver transplantation has been used successfully in patients with familial amyloidosis.</ce:para></ce:list-item><ce:list-item id="u0270"><ce:label>&bull;</ce:label><ce:para id="p0320">Recognition and treatment of the underlying disorder is needed for secondary amyloidosis.</ce:para></ce:list-item><ce:list-item id="u0275"><ce:label>&bull;</ce:label><ce:para id="p0325"><ce:cross-ref refid="t0020" id="crosref0050">Table E1A-29</ce:cross-ref> summarizes supportive treatment options for all types of amyloidosis.</ce:para></ce:list-item></ce:list></ce:para></ce:section><ce:section id="s0080"><ce:section-title id="cesectitle0080">Disposition</ce:section-title><ce:para id="p0330">Prognosis is determined primarily by the presence or absence of cardiac involvement and the form of amyloidosis:<ce:list id="ulist0075"><ce:list-item id="u0280"><ce:label>&bull;</ce:label><ce:para id="p0335">In patients with endomyocardial biopsy&ndash;documented cardiac amyloidosis, longer-term survival is more strongly associated with New York Heart Association functional class compared with ECG or echocardiography variables.</ce:para></ce:list-item><ce:list-item id="u0285"><ce:label>&bull;</ce:label><ce:para id="p0340">In AA, eradication of the predisposing disease slows and can occasionally reverse the progression of amyloid disease. Median survival after diagnosis is 133 mo.</ce:para></ce:list-item><ce:list-item id="u0290"><ce:label>&bull;</ce:label><ce:para id="p0345">Patients with familial amyloidotic polyneuropathy generally have a prolonged course lasting 10-15 yr.</ce:para></ce:list-item><ce:list-item id="u0295"><ce:label>&bull;</ce:label><ce:para id="p0350">The progression of amyloidosis associated with renal hemodialysis can be improved with newer dialysis membranes that can pass beta-2-microglobulin.</ce:para></ce:list-item><ce:list-item id="u0300"><ce:label>&bull;</ce:label><ce:para id="p0355">Median survival in patients with overt CHF is &sim;6 mo; it is 30 mo without CHF.</ce:para></ce:list-item></ce:list></ce:para></ce:section><ce:section id="s0085" view="compact-standard"><ce:section-title id="cesectitle0085">Suggested Readings</ce:section-title><ce:para id="p0360">Available at <ce:inter-ref id="interref1" xlink:href="http://www.expertconsult.com">www.expertconsult.com</ce:inter-ref></ce:para></ce:section></ce:section><ce:anchor id="pg66.e5"/></ce:sections><ce:further-reading id="fread0010"><ce:section-title id="s0090">Suggested Readings</ce:section-title><ce:further-reading-sec id="freads0010"><ce:bib-reference id="fur1"><ce:label>Austin et&#xA0;al., 2009</ce:label><sb:reference id="ref0010"><sb:contribution><sb:authors><sb:author><ce:given-name>B.A.</ce:given-name><ce:surname>Austin</ce:surname></sb:author><sb:et-al/></sb:authors><sb:title><sb:maintitle>Comparison of functional status, ECG and echocardiography parameters to mortality in endomyocardial-biopsy proven cardiac amyloidosis</sb:maintitle></sb:title></sb:contribution><sb:host><sb:issue><sb:series><sb:title><sb:maintitle>Am J Cardiol</sb:maintitle></sb:title><sb:volume-nr>103</sb:volume-nr></sb:series><sb:date>2009</sb:date></sb:issue><sb:pages><sb:first-page>1429</sb:first-page><sb:last-page>1433</sb:last-page></sb:pages></sb:host></sb:reference></ce:bib-reference><ce:bib-reference id="fur2"><ce:label>Coelho et&#xA0;al., 2013</ce:label><sb:reference id="ref0015"><sb:contribution><sb:authors><sb:author><ce:given-name>T.</ce:given-name><ce:surname>Coelho</ce:surname></sb:author><sb:et-al/></sb:authors><sb:title><sb:maintitle>Safety and efficacy of RNA: therapy for transthyretin amyloidosis</sb:maintitle></sb:title></sb:contribution><sb:host><sb:issue><sb:series><sb:title><sb:maintitle>N Engl J Med</sb:maintitle></sb:title><sb:volume-nr>369</sb:volume-nr></sb:series><sb:date>2013</sb:date></sb:issue><sb:pages><sb:first-page>819</sb:first-page><sb:last-page>829</sb:last-page></sb:pages></sb:host></sb:reference></ce:bib-reference><ce:bib-reference id="fur3"><ce:label>Fernandes-Nebro et&#xA0;al., 2010</ce:label><sb:reference id="ref0020"><sb:contribution><sb:authors><sb:author><ce:given-name>A.</ce:given-name><ce:surname>Fernandes-Nebro</ce:surname></sb:author><sb:et-al/></sb:authors><sb:title><sb:maintitle>Long-term TNF-alpha blockade in patients with amyloid A amyloidosis complicating rheumatic diseases</sb:maintitle></sb:title></sb:contribution><sb:host><sb:issue><sb:series><sb:title><sb:maintitle>Am J Med</sb:maintitle></sb:title><sb:volume-nr>123</sb:volume-nr></sb:series><sb:date>2010</sb:date></sb:issue><sb:pages><sb:first-page>454</sb:first-page><sb:last-page>461</sb:last-page></sb:pages></sb:host></sb:reference></ce:bib-reference><ce:bib-reference id="fur4"><ce:label>Kumar et&#xA0;al., 2011</ce:label><sb:reference id="ref0025"><sb:contribution><sb:authors><sb:author><ce:given-name>S.K.</ce:given-name><ce:surname>Kumar</ce:surname></sb:author><sb:et-al/></sb:authors><sb:title><sb:maintitle>Recent improvements in survival in primary systemic amyloidosis and the importance of an early mortality risk score</sb:maintitle></sb:title></sb:contribution><sb:host><sb:issue><sb:series><sb:title><sb:maintitle>Mayo Clin Proc</sb:maintitle></sb:title><sb:volume-nr>86</sb:volume-nr></sb:series><sb:issue-nr>1</sb:issue-nr><sb:date>2011</sb:date></sb:issue><sb:pages><sb:first-page>12</sb:first-page><sb:last-page>18</sb:last-page></sb:pages></sb:host></sb:reference></ce:bib-reference><ce:bib-reference id="fur5"><ce:label>Kyle et&#xA0;al., 1997</ce:label><sb:reference id="ref0030"><sb:contribution><sb:authors><sb:author><ce:given-name>R.A.</ce:given-name><ce:surname>Kyle</ce:surname></sb:author><sb:et-al/></sb:authors><sb:title><sb:maintitle>A trial of three regimens for primary amyloidosis: colchicine alone, melphalan and prednisone, and melphalan, prednisone, and colchicine</sb:maintitle></sb:title></sb:contribution><sb:host><sb:issue><sb:series><sb:title><sb:maintitle>N Engl J Med</sb:maintitle></sb:title><sb:volume-nr>336</sb:volume-nr></sb:series><sb:issue-nr>17</sb:issue-nr><sb:date>1997</sb:date></sb:issue><sb:pages><sb:first-page>1202</sb:first-page><sb:last-page>1207</sb:last-page></sb:pages></sb:host></sb:reference></ce:bib-reference><ce:bib-reference id="fur8"><ce:label>Maurer et&#xA0;al., 2015</ce:label><sb:reference id="ref9000"><sb:contribution><sb:authors><sb:author><ce:given-name>M.S.</ce:given-name><ce:surname>Maurer</ce:surname></sb:author><sb:et-al/></sb:authors><sb:title><sb:maintitle>Non-invasive identification of ATTRwt cardiac amyloid: the re-emergence of nuclear cardiology</sb:maintitle></sb:title></sb:contribution><sb:host><sb:issue><sb:series><sb:title><sb:maintitle>Am J Med</sb:maintitle></sb:title><sb:volume-nr>128</sb:volume-nr></sb:series><sb:date>2015</sb:date></sb:issue><sb:pages><sb:first-page>1275</sb:first-page><sb:last-page>1280</sb:last-page></sb:pages></sb:host></sb:reference></ce:bib-reference><ce:bib-reference id="fur6"><ce:label>Sideras et&#xA0;al., 2009</ce:label><sb:reference id="ref0035"><sb:contribution><sb:authors><sb:author><ce:given-name>K.</ce:given-name><ce:surname>Sideras</ce:surname></sb:author><sb:et-al/></sb:authors><sb:title><sb:maintitle>Amyloidosis</sb:maintitle></sb:title></sb:contribution><sb:host><sb:issue><sb:series><sb:title><sb:maintitle>Adv Clin Chem</sb:maintitle></sb:title><sb:volume-nr>47</sb:volume-nr></sb:series><sb:date>2009</sb:date></sb:issue><sb:pages><sb:first-page>1</sb:first-page><sb:last-page>44</sb:last-page></sb:pages></sb:host></sb:reference></ce:bib-reference><ce:bib-reference id="fur7"><ce:label>Wang et&#xA0;al., 2008</ce:label><sb:reference id="ref0040"><sb:contribution><sb:authors><sb:author><ce:given-name>A.K.</ce:given-name><ce:surname>Wang</ce:surname></sb:author><sb:et-al/></sb:authors><sb:title><sb:maintitle>Patterns of neuropathy and autonomic failure in patients with amyloidosis</sb:maintitle></sb:title></sb:contribution><sb:host><sb:issue><sb:series><sb:title><sb:maintitle>Mayo Clin Proc</sb:maintitle></sb:title><sb:volume-nr>83</sb:volume-nr></sb:series><sb:issue-nr>11</sb:issue-nr><sb:date>2008</sb:date></sb:issue><sb:pages><sb:first-page>1226</sb:first-page><sb:last-page>1230</sb:last-page></sb:pages></sb:host></sb:reference></ce:bib-reference><ce:para id="p0370"><ce:float-anchor refid="f0010"/><ce:float-anchor refid="f0015"/><ce:float-anchor refid="f0020"/><ce:float-anchor refid="t0010"/><ce:float-anchor refid="t0015"/><ce:float-anchor refid="t0020"/></ce:para></ce:further-reading-sec></ce:further-reading></chapter>
