<?xml version="1.0" encoding="utf-8"?>
<!DOCTYPE layout-info PUBLIC "-//ES//DTD pagebreak DTD version 5.0.0//EN//XML" "pagebreak500.dtd" []><layout-info version="5.0"><pii>B978-0-323-28048-8.00034-8</pii><chp>c0034</chp><moved-element position="/*[1]/*[2]/*[1]" moved-to-position="/*[1]/*[5]/*[1]/*[4]/*[2]/*[1]/*[5]/*[2]/node()[1]" offset="86"/><moved-element position="/*[1]/*[2]/*[2]" moved-to-position="/*[1]/*[5]/*[2]/*[5]/*[2]/*[1]/*[2]/*[2]/node()[3]"/><page name="66.e3" next="66001" break-position="/*[1]/*[5]/*[2]/*[5]/*[2]/*[1]/*[2]/*[2]/node()[3]"/><moved-element position="/*[1]/*[2]/*[4]" moved-to-position="/*[1]/*[5]/node()[4]"/><page name="66.e4" next="660001" break-position="/*[1]/*[5]/node()[4]"/><moved-element position="/*[1]/*[2]/*[3]" moved-to-position="/*[1]/*[5]/node()[5]"/><moved-element position="/*[1]/*[2]/*[5]" moved-to-position="/*[1]/*[5]/node()[5]"/><page name="66.e5" next="6.600001E6" break-position="/*[1]/*[2]/*[5]/node()[5]"/><moved-element position="/*[1]/*[2]/*[6]" moved-to-position="/*[1]/*[5]/node()[5]"/></layout-info>