<?xml version="1.0" encoding="UTF-8"?>
<dataset xmlns="http://www.elsevier.com/xml/schema/transport/book-2016.2/s300-h300" xmlns:xsi="http://www.w3.org/2001/XMLSchema-instance" xsi:schemaLocation="http://www.elsevier.com/xml/schema/transport/book-2016.2/s300-h300 http://www.elsevier.com/xml/schema/transport/book-2016.2/s300-h300.xsd" schema-version="2016.2">
<dataset-unique-ids>
<supplier-code>TnQBK</supplier-code>
<supplier-dataset-id>TNQBK2002816</supplier-dataset-id>
<timestamp>2016-07-15T13:31:56.000</timestamp>
</dataset-unique-ids>
<dataset-properties>
<dataset-action>LOAD</dataset-action>
<production-process>CAP</production-process>
</dataset-properties>
<dataset-content>
<book-project>
<version>
<version-number>H300.1</version-number>
<stage>H300</stage>
</version>
<book-project-unique-ids>
<pii>C2015-0-06646-1</pii>
<isbn>978-0-12-420132-3</isbn>
</book-project-unique-ids>
<book-project-properties>
<working-title>Roots of Brazilian Relative Economic Backwardness</working-title>
<edition>1</edition>
<prim-auth-surname>Rands Barros</prim-auth-surname>
</book-project-properties>
<files-info>
<ml>
<pathname>9780124201323/main.xml</pathname>
<purpose>MAIN</purpose>
<dtd-version>BOOK 5.4.0 BOOK</dtd-version>
<asset>
<pathname>9780124201323/main.assets/cover.tif</pathname>
<type>IMAGE-COVER</type>
</asset>
</ml>
</files-info>
</book-project>
<book-item>
<version>
<version-number>S300.1</version-number>
<stage>S300</stage>
</version>
<book-item-unique-ids>
<pii>B978-0-12-809756-4.01001-1</pii>
<doi>10.1016/B978-0-12-809756-4.01001-1</doi>
<collection-item-id>
<isbn>978-0-12-420132-3</isbn>
<item-id>1</item-id>
</collection-item-id>
</book-item-unique-ids>
<book-item-properties>
<branch>FRONT</branch>
<pit>CTR</pit>
<production-type>NON-CRC</production-type>
</book-item-properties>
<files-info>
<ml>
<pathname>9780124201323/front/B9780128097564010011/main.xml</pathname>
<purpose>MAIN</purpose>
<dtd-version>BOOK 5.4.0 FB-NON-CHAPTER</dtd-version>
<weight>FULL-TEXT</weight>
<asset>
<pathname>9780124201323/front/B9780128097564010011/main.assets/fm01-9780128097564.jpg</pathname>
<type>IMAGE-CAP</type>
</asset>
<asset>
<pathname>9780124201323/front/B9780128097564010011/main.assets/fm02-9780128097564.jpg</pathname>
<type>IMAGE-CAP</type>
</asset>
</ml>
<web-pdf>
<pathname>9780124201323/front/B9780128097564010011/main.pdf</pathname>
<purpose>MAIN</purpose>
<pdf-version>1.7 6.5</pdf-version>
<pdf-property>DISTILLED OPTIMIZED BOOKMARKED</pdf-property>
</web-pdf>
</files-info>
</book-item>
<book-item>
<version>
<version-number>S300.1</version-number>
<stage>S300</stage>
</version>
<book-item-unique-ids>
<pii>B978-0-12-809756-4.12001-X</pii>
<doi>10.1016/B978-0-12-809756-4.12001-X</doi>
<collection-item-id>
<isbn>978-0-12-420132-3</isbn>
<item-id>2</item-id>
</collection-item-id>
</book-item-unique-ids>
<book-item-properties>
<branch>FRONT</branch>
<pit>COP</pit>
<production-type>NON-CRC</production-type>
</book-item-properties>
<files-info>
<ml>
<pathname>9780124201323/front/B978012809756412001X/main.xml</pathname>
<purpose>MAIN</purpose>
<dtd-version>BOOK 5.4.0 FB-NON-CHAPTER</dtd-version>
<weight>FULL-TEXT</weight>
<asset>
<pathname>9780124201323/front/B978012809756412001X/main.assets/fm01-9780128097564.jpg</pathname>
<type>IMAGE-CAP</type>
</asset>
</ml>
<web-pdf>
<pathname>9780124201323/front/B978012809756412001X/main.pdf</pathname>
<purpose>MAIN</purpose>
<pdf-version>1.7 6.5</pdf-version>
<pdf-property>DISTILLED OPTIMIZED BOOKMARKED</pdf-property>
</web-pdf>
</files-info>
</book-item>
<book-item>
<version>
<version-number>S300.1</version-number>
<stage>S300</stage>
</version>
<book-item-unique-ids>
<pii>B978-0-12-809756-4.03001-4</pii>
<doi>10.1016/B978-0-12-809756-4.03001-4</doi>
<collection-item-id>
<isbn>978-0-12-420132-3</isbn>
<item-id>3</item-id>
</collection-item-id>
</book-item-unique-ids>
<book-item-properties>
<branch>FRONT</branch>
<pit>DED</pit>
<production-type>NON-CRC</production-type>
</book-item-properties>
<files-info>
<ml>
<pathname>9780124201323/front/B9780128097564030014/main.xml</pathname>
<purpose>MAIN</purpose>
<dtd-version>BOOK 5.4.0 FB-NON-CHAPTER</dtd-version>
<weight>FULL-TEXT</weight>
</ml>
<web-pdf>
<pathname>9780124201323/front/B9780128097564030014/main.pdf</pathname>
<purpose>MAIN</purpose>
<pdf-version>1.7 6.5</pdf-version>
<pdf-property>DISTILLED OPTIMIZED BOOKMARKED</pdf-property>
</web-pdf>
</files-info>
</book-item>
<book-item>
<version>
<version-number>S300.1</version-number>
<stage>S300</stage>
</version>
<book-item-unique-ids>
<pii>B978-0-12-420132-3.00034-8</pii>
<doi>10.1016/B978-0-12-420132-3.00034-8</doi>
<collection-item-id>
<isbn>978-0-12-420132-3</isbn>
<item-id>42</item-id>
</collection-item-id>
</book-item-unique-ids>
<book-item-properties>
<branch>BODY</branch>
<pit>CHP</pit>
<production-type>NON-CRC</production-type>
</book-item-properties>
<files-info>
<ml>
<pathname>9780124201323/body/B9780323280488000348/main.xml</pathname>
<purpose>MAIN</purpose>
<dtd-version>BOOK 5.4.0 CHAPTER</dtd-version>
<weight>FULL-TEXT</weight>
<asset>
<pathname>9780124201323/body/B9780323280488000348/main.assets/f34-01-9780323280488.jpg</pathname>
<type>IMAGE-CAP</type>
</asset>
<asset>
<pathname>9780124201323/body/B9780323280488000348/main.assets/f34-02-9780323280488.jpg</pathname>
<type>IMAGE-CAP</type>
</asset>
<asset>
<pathname>9780124201323/body/B9780323280488000348/main.assets/f34-03-9780323280488.jpg</pathname>
<type>IMAGE-CAP</type>
</asset>
<asset>
<pathname>9780124201323/body/B9780323280488000348/main.assets/icon03-9780323280488.jpg</pathname>
<type>IMAGE-CAP</type>
</asset>
<asset>
<pathname>9780124201323/body/B9780323280488000348/main.assets/icon04-9780323280488.jpg</pathname>
<type>IMAGE-CAP</type>
</asset>
<asset>
<pathname>9780124201323/body/B9780323280488000348/main.assets/icon05-9780323280488.jpg</pathname>
<type>IMAGE-CAP</type>
</asset>
</ml>
<ml>
<pathname>9780124201323/body/B9780323280488000348/pagebreak.xml</pathname>
<purpose>PAGEBREAK</purpose>
<dtd-version>PAGEBREAK 5.0.0</dtd-version>
<weight>FULL-TEXT</weight>
</ml>
<web-pdf>
<pathname>9780124201323/body/B9780323280488000348/main.pdf</pathname>
<purpose>MAIN</purpose>
<pdf-version>1.7 6.5</pdf-version>
<pdf-property>DISTILLED OPTIMIZED BOOKMARKED</pdf-property>
</web-pdf>
</files-info>
</book-item>
<book-item>
<version>
<version-number>S300.1</version-number>
<stage>S300</stage>
</version>
<book-item-unique-ids>
<pii>B978-0-12-809756-4.16001-5</pii>
<doi>10.1016/B978-0-12-809756-4.16001-5</doi>
<collection-item-id>
<isbn>978-0-12-420132-3</isbn>
<item-id>18</item-id>
</collection-item-id>
</book-item-unique-ids>
<book-item-properties>
<branch>REAR</branch>
<pit>BIB</pit>
<production-type>NON-CRC</production-type>
</book-item-properties>
<files-info>
<ml>
<pathname>9780124201323/rear/B9780128097564160015/main.xml</pathname>
<purpose>MAIN</purpose>
<dtd-version>BOOK 5.4.0 BIBLIOGRAPHY</dtd-version>
<weight>FULL-TEXT</weight>
</ml>
<ml>
<pathname>9780124201323/rear/B9780128097564160015/pagebreak.xml</pathname>
<purpose>PAGEBREAK</purpose>
<dtd-version>PAGEBREAK 5.0.0</dtd-version>
<weight>FULL-TEXT</weight>
</ml>
<web-pdf>
<pathname>9780124201323/rear/B9780128097564160015/main.pdf</pathname>
<purpose>MAIN</purpose>
<pdf-version>1.7 6.5</pdf-version>
<pdf-property>DISTILLED OPTIMIZED BOOKMARKED</pdf-property>
</web-pdf>
</files-info>
</book-item>
<book-item>
<version>
<version-number>S300.1</version-number>
<stage>S300</stage>
</version>
<book-item-unique-ids>
<pii>B978-0-12-809756-4.18001-8</pii>
<doi>10.1016/B978-0-12-809756-4.18001-8</doi>
<collection-item-id>
<isbn>978-0-12-420132-3</isbn>
<item-id>19</item-id>
</collection-item-id>
</book-item-unique-ids>
<book-item-properties>
<branch>REAR</branch>
<pit>IDX</pit>
<production-type>NON-CRC</production-type>
</book-item-properties>
<files-info>
<ml>
<pathname>9780124201323/rear/B9780128097564180018/main.xml</pathname>
<purpose>MAIN</purpose>
<dtd-version>BOOK 5.4.0 INDEX</dtd-version>
<weight>FULL-TEXT</weight>
</ml>
<ml>
<pathname>9780124201323/rear/B9780128097564180018/pagebreak.xml</pathname>
<purpose>PAGEBREAK</purpose>
<dtd-version>PAGEBREAK 5.0.0</dtd-version>
<weight>FULL-TEXT</weight>
</ml>
<web-pdf>
<pathname>9780124201323/rear/B9780128097564180018/main.pdf</pathname>
<purpose>MAIN</purpose>
<pdf-version>1.7 6.5</pdf-version>
<pdf-property>DISTILLED OPTIMIZED BOOKMARKED</pdf-property>
</web-pdf>
</files-info>
</book-item>
</dataset-content>
</dataset>
