<?xml version="1.0" encoding="UTF-8"?>
<office:document-content xmlns:office="urn:oasis:names:tc:opendocument:xmlns:office:1.0" xmlns:style="urn:oasis:names:tc:opendocument:xmlns:style:1.0" xmlns:text="urn:oasis:names:tc:opendocument:xmlns:text:1.0" xmlns:table="urn:oasis:names:tc:opendocument:xmlns:table:1.0" xmlns:draw="urn:oasis:names:tc:opendocument:xmlns:drawing:1.0" xmlns:fo="urn:oasis:names:tc:opendocument:xmlns:xsl-fo-compatible:1.0" xmlns:xlink="http://www.w3.org/1999/xlink" xmlns:dc="http://purl.org/dc/elements/1.1/" xmlns:meta="urn:oasis:names:tc:opendocument:xmlns:meta:1.0" xmlns:number="urn:oasis:names:tc:opendocument:xmlns:datastyle:1.0" xmlns:presentation="urn:oasis:names:tc:opendocument:xmlns:presentation:1.0" xmlns:svg="urn:oasis:names:tc:opendocument:xmlns:svg-compatible:1.0" xmlns:chart="urn:oasis:names:tc:opendocument:xmlns:chart:1.0" xmlns:dr3d="urn:oasis:names:tc:opendocument:xmlns:dr3d:1.0" xmlns:math="http://www.w3.org/1998/Math/MathML" xmlns:form="urn:oasis:names:tc:opendocument:xmlns:form:1.0" xmlns:script="urn:oasis:names:tc:opendocument:xmlns:script:1.0" xmlns:ooo="http://openoffice.org/2004/office" xmlns:ooow="http://openoffice.org/2004/writer" xmlns:oooc="http://openoffice.org/2004/calc" xmlns:dom="http://www.w3.org/2001/xml-events" xmlns:xforms="http://www.w3.org/2002/xforms" xmlns:xsd="http://www.w3.org/2001/XMLSchema" xmlns:xsi="http://www.w3.org/2001/XMLSchema-instance" xmlns:rpt="http://openoffice.org/2005/report" xmlns:of="urn:oasis:names:tc:opendocument:xmlns:of:1.2" xmlns:xhtml="http://www.w3.org/1999/xhtml" xmlns:grddl="http://www.w3.org/2003/g/data-view#" xmlns:tableooo="http://openoffice.org/2009/table" xmlns:drawooo="http://openoffice.org/2010/draw" xmlns:calcext="urn:org:documentfoundation:names:experimental:calc:xmlns:calcext:1.0" xmlns:loext="urn:org:documentfoundation:names:experimental:office:xmlns:loext:1.0" xmlns:field="urn:openoffice:names:experimental:ooo-ms-interop:xmlns:field:1.0" xmlns:formx="urn:openoffice:names:experimental:ooxml-odf-interop:xmlns:form:1.0" xmlns:css3t="http://www.w3.org/TR/css3-text/" office:version="1.2"><office:scripts/><office:font-face-decls><style:font-face style:name="Arial" svg:font-family="Arial" style:font-family-generic="swiss"/><style:font-face style:name="Liberation Sans" svg:font-family="&apos;Liberation Sans&apos;" style:font-family-generic="swiss" style:font-pitch="variable"/><style:font-face style:name="DejaVu Sans" svg:font-family="&apos;DejaVu Sans&apos;" style:font-family-generic="system" style:font-pitch="variable"/><style:font-face style:name="Lohit Hindi" svg:font-family="&apos;Lohit Hindi&apos;" style:font-family-generic="system" style:font-pitch="variable"/></office:font-face-decls><office:automatic-styles><style:style style:name="co1" style:family="table-column"><style:table-column-properties fo:break-before="auto" style:column-width="4.419cm"/></style:style><style:style style:name="co2" style:family="table-column"><style:table-column-properties fo:break-before="auto" style:column-width="6.126cm"/></style:style><style:style style:name="co3" style:family="table-column"><style:table-column-properties fo:break-before="auto" style:column-width="3.411cm"/></style:style><style:style style:name="co4" style:family="table-column"><style:table-column-properties fo:break-before="auto" style:column-width="5.789cm"/></style:style><style:style style:name="co5" style:family="table-column"><style:table-column-properties fo:break-before="auto" style:column-width="2.166cm"/></style:style><style:style style:name="ro1" style:family="table-row"><style:table-row-properties style:row-height="0.344cm" fo:break-before="auto" style:use-optimal-row-height="false"/></style:style><style:style style:name="ro2" style:family="table-row"><style:table-row-properties style:row-height="1.005cm" fo:break-before="auto" style:use-optimal-row-height="false"/></style:style><style:style style:name="ro3" style:family="table-row"><style:table-row-properties style:row-height="0.609cm" fo:break-before="auto" style:use-optimal-row-height="false"/></style:style><style:style style:name="ro4" style:family="table-row"><style:table-row-properties style:row-height="0.9cm" fo:break-before="auto" style:use-optimal-row-height="false"/></style:style><style:style style:name="ro5" style:family="table-row"><style:table-row-properties style:row-height="0.529cm" fo:break-before="auto" style:use-optimal-row-height="false"/></style:style><style:style style:name="ro6" style:family="table-row"><style:table-row-properties style:row-height="1.905cm" fo:break-before="auto" style:use-optimal-row-height="false"/></style:style><style:style style:name="ro7" style:family="table-row"><style:table-row-properties style:row-height="0.635cm" fo:break-before="auto" style:use-optimal-row-height="true"/></style:style><style:style style:name="ro8" style:family="table-row"><style:table-row-properties style:row-height="0.45cm" fo:break-before="auto" style:use-optimal-row-height="true"/></style:style><style:style style:name="ta1" style:family="table" style:master-page-name="PageStyle_5f_Feuil1"><style:table-properties table:display="true" style:writing-mode="lr-tb"/></style:style><style:style style:name="ta2" style:family="table" style:master-page-name="PageStyle_5f_Feuil2"><style:table-properties table:display="true" style:writing-mode="lr-tb"/></style:style><style:style style:name="ta3" style:family="table" style:master-page-name="PageStyle_5f_Feuil3"><style:table-properties table:display="true" style:writing-mode="lr-tb"/></style:style><number:number-style style:name="N1"><number:number number:decimal-places="0" number:min-integer-digits="1"/></number:number-style><style:style style:name="ce1" style:family="table-cell" style:parent-style-name="Default"><style:table-cell-properties style:glyph-orientation-vertical="0" style:text-align-source="value-type" style:repeat-content="false" fo:wrap-option="wrap" style:direction="ltr" style:rotation-angle="0" style:rotation-align="none" style:shrink-to-fit="false" style:vertical-align="automatic" style:vertical-justify="auto"/><style:paragraph-properties css3t:text-justify="auto" fo:margin-left="0cm" style:writing-mode="page"/><style:text-properties style:use-window-font-color="true" style:text-outline="false" style:text-line-through-style="none" style:text-line-through-type="none" style:font-name="Arial" fo:font-size="12pt" fo:font-style="normal" fo:text-shadow="none" style:text-underline-style="none" fo:font-weight="normal" style:font-size-asian="12pt" style:font-style-asian="normal" style:font-weight-asian="normal" style:font-size-complex="12pt" style:font-style-complex="normal" style:font-weight-complex="normal"/></style:style><style:style style:name="ce2" style:family="table-cell" style:parent-style-name="Default"><style:table-cell-properties style:glyph-orientation-vertical="0" style:diagonal-bl-tr="none" style:diagonal-tl-br="none" style:text-align-source="fix" style:repeat-content="false" fo:wrap-option="no-wrap" fo:border="none" style:direction="ltr" style:rotation-angle="0" style:rotation-align="none" style:shrink-to-fit="false" style:vertical-align="middle" style:vertical-justify="auto"/><style:paragraph-properties fo:text-align="end" css3t:text-justify="auto" fo:margin-left="0cm" style:writing-mode="page"/><style:text-properties style:use-window-font-color="true" style:text-outline="false" style:text-line-through-style="none" style:text-line-through-type="none" style:font-name="Arial" fo:font-size="14pt" fo:font-style="normal" fo:text-shadow="none" style:text-underline-style="none" fo:font-weight="normal" style:font-size-asian="14pt" style:font-style-asian="normal" style:font-weight-asian="normal" style:font-size-complex="14pt" style:font-style-complex="normal" style:font-weight-complex="normal"/></style:style><style:style style:name="ce3" style:family="table-cell" style:parent-style-name="Default"><style:table-cell-properties style:glyph-orientation-vertical="0" style:text-align-source="value-type" style:repeat-content="false" fo:wrap-option="wrap" style:direction="ltr" style:rotation-angle="0" style:rotation-align="none" style:shrink-to-fit="false" style:vertical-align="middle" style:vertical-justify="auto"/><style:paragraph-properties css3t:text-justify="auto" fo:margin-left="0cm" style:writing-mode="page"/><style:text-properties style:use-window-font-color="true" style:text-outline="false" style:text-line-through-style="none" style:text-line-through-type="none" style:font-name="Arial" fo:font-size="12pt" fo:font-style="normal" fo:text-shadow="none" style:text-underline-style="none" fo:font-weight="normal" style:font-size-asian="12pt" style:font-style-asian="normal" style:font-weight-asian="normal" style:font-size-complex="12pt" style:font-style-complex="normal" style:font-weight-complex="normal"/></style:style><style:style style:name="ce4" style:family="table-cell" style:parent-style-name="Default"><style:table-cell-properties style:glyph-orientation-vertical="0" style:text-align-source="value-type" style:repeat-content="false" fo:wrap-option="no-wrap" style:direction="ltr" style:rotation-angle="0" style:rotation-align="none" style:shrink-to-fit="false" style:vertical-align="middle" style:vertical-justify="auto"/><style:paragraph-properties css3t:text-justify="auto" fo:margin-left="0cm" style:writing-mode="page"/><style:text-properties style:use-window-font-color="true" style:text-outline="false" style:text-line-through-style="none" style:text-line-through-type="none" style:font-name="Arial" fo:font-size="10pt" fo:font-style="normal" fo:text-shadow="none" style:text-underline-style="none" fo:font-weight="bold" style:font-size-asian="10pt" style:font-style-asian="normal" style:font-weight-asian="bold" style:font-size-complex="10pt" style:font-style-complex="normal" style:font-weight-complex="bold"/></style:style><style:style style:name="ce5" style:family="table-cell" style:parent-style-name="Default" style:data-style-name="N1"><style:table-cell-properties style:glyph-orientation-vertical="0" fo:background-color="#ccffff" style:diagonal-bl-tr="none" style:diagonal-tl-br="none" style:text-align-source="fix" style:repeat-content="false" fo:wrap-option="no-wrap" fo:border="0.99pt solid #3c3c3c" style:direction="ltr" style:rotation-angle="0" style:rotation-align="none" style:shrink-to-fit="false" style:vertical-align="middle" style:vertical-justify="auto"/><style:paragraph-properties fo:text-align="start" css3t:text-justify="auto" fo:margin-left="0cm" style:writing-mode="page"/><style:text-properties style:use-window-font-color="true" style:text-outline="false" style:text-line-through-style="none" style:text-line-through-type="none" style:font-name="Arial" fo:font-size="14pt" fo:font-style="normal" fo:text-shadow="none" style:text-underline-style="none" fo:font-weight="bold" style:font-size-asian="14pt" style:font-style-asian="normal" style:font-weight-asian="bold" style:font-size-complex="14pt" style:font-style-complex="normal" style:font-weight-complex="bold"/></style:style><style:style style:name="ce6" style:family="table-cell" style:parent-style-name="Default"><style:table-cell-properties style:glyph-orientation-vertical="0" style:diagonal-bl-tr="none" style:diagonal-tl-br="none" style:text-align-source="value-type" style:repeat-content="false" fo:wrap-option="no-wrap" fo:border="none" style:direction="ltr" style:rotation-angle="0" style:rotation-align="none" style:shrink-to-fit="false" style:vertical-align="middle" style:vertical-justify="auto"/><style:paragraph-properties css3t:text-justify="auto" fo:margin-left="0cm" style:writing-mode="page"/><style:text-properties style:use-window-font-color="true" style:text-outline="false" style:text-line-through-style="none" style:text-line-through-type="none" style:font-name="Arial" fo:font-size="14pt" fo:font-style="normal" fo:text-shadow="none" style:text-underline-style="none" fo:font-weight="bold" style:font-size-asian="14pt" style:font-style-asian="normal" style:font-weight-asian="bold" style:font-size-complex="14pt" style:font-style-complex="normal" style:font-weight-complex="bold"/></style:style><style:style style:name="ce7" style:family="table-cell" style:parent-style-name="Default" style:data-style-name="N113"><style:table-cell-properties style:glyph-orientation-vertical="0" fo:background-color="#ccffff" style:diagonal-bl-tr="none" style:diagonal-tl-br="none" style:text-align-source="fix" style:repeat-content="false" fo:wrap-option="no-wrap" fo:border="0.99pt solid #3c3c3c" style:direction="ltr" style:rotation-angle="0" style:rotation-align="none" style:shrink-to-fit="false" style:vertical-align="middle" style:vertical-justify="auto"/><style:paragraph-properties fo:text-align="center" css3t:text-justify="auto" fo:margin-left="0cm" style:writing-mode="page"/><style:text-properties style:use-window-font-color="true" style:text-outline="false" style:text-line-through-style="none" style:text-line-through-type="none" style:font-name="Arial" fo:font-size="14pt" fo:font-style="normal" fo:text-shadow="none" style:text-underline-style="none" fo:font-weight="bold" style:font-size-asian="14pt" style:font-style-asian="normal" style:font-weight-asian="bold" style:font-size-complex="14pt" style:font-style-complex="normal" style:font-weight-complex="bold"/></style:style><style:style style:name="ce8" style:family="table-cell" style:parent-style-name="Default"><style:table-cell-properties style:glyph-orientation-vertical="0" fo:background-color="#ccffff" style:diagonal-bl-tr="none" style:diagonal-tl-br="none" style:text-align-source="fix" style:repeat-content="false" fo:wrap-option="no-wrap" fo:border="0.99pt solid #3c3c3c" style:direction="ltr" style:rotation-angle="0" style:rotation-align="none" style:shrink-to-fit="false" style:vertical-align="middle" style:vertical-justify="auto"/><style:paragraph-properties fo:text-align="center" css3t:text-justify="auto" fo:margin-left="0cm" style:writing-mode="page"/><style:text-properties style:use-window-font-color="true" style:text-outline="false" style:text-line-through-style="none" style:text-line-through-type="none" style:font-name="Arial" fo:font-size="14pt" fo:font-style="normal" fo:text-shadow="none" style:text-underline-style="none" fo:font-weight="bold" style:font-size-asian="14pt" style:font-style-asian="normal" style:font-weight-asian="bold" style:font-size-complex="14pt" style:font-style-complex="normal" style:font-weight-complex="bold"/></style:style><style:style style:name="ce9" style:family="table-cell" style:parent-style-name="Default"><style:table-cell-properties style:glyph-orientation-vertical="0" style:text-align-source="value-type" style:repeat-content="false" fo:wrap-option="no-wrap" style:direction="ltr" style:rotation-angle="0" style:rotation-align="none" style:shrink-to-fit="false" style:vertical-align="middle" style:vertical-justify="auto"/><style:paragraph-properties css3t:text-justify="auto" fo:margin-left="0cm" style:writing-mode="page"/><style:text-properties style:use-window-font-color="true" style:text-outline="false" style:text-line-through-style="none" style:text-line-through-type="none" style:font-name="Arial" fo:font-size="12pt" fo:font-style="normal" fo:text-shadow="none" style:text-underline-style="none" fo:font-weight="normal" style:font-size-asian="12pt" style:font-style-asian="normal" style:font-weight-asian="normal" style:font-size-complex="12pt" style:font-style-complex="normal" style:font-weight-complex="normal"/></style:style><style:style style:name="ce10" style:family="table-cell" style:parent-style-name="Default"><style:table-cell-properties style:glyph-orientation-vertical="0" style:text-align-source="value-type" style:repeat-content="false" fo:wrap-option="no-wrap" style:direction="ltr" style:rotation-angle="0" style:rotation-align="none" style:shrink-to-fit="false" style:vertical-align="middle" style:vertical-justify="auto"/><style:paragraph-properties css3t:text-justify="auto" fo:margin-left="0cm" style:writing-mode="page"/><style:text-properties style:use-window-font-color="true" style:text-outline="false" style:text-line-through-style="none" style:text-line-through-type="none" style:font-name="Arial" fo:font-size="12pt" fo:font-style="normal" fo:text-shadow="none" style:text-underline-style="none" fo:font-weight="bold" style:font-size-asian="12pt" style:font-style-asian="normal" style:font-weight-asian="bold" style:font-size-complex="12pt" style:font-style-complex="normal" style:font-weight-complex="bold"/></style:style><style:style style:name="ce11" style:family="table-cell" style:parent-style-name="Default"><style:text-properties style:use-window-font-color="true" style:text-outline="false" style:text-line-through-style="none" style:text-line-through-type="none" style:font-name="Arial" fo:font-size="14pt" fo:font-style="normal" fo:text-shadow="none" style:text-underline-style="none" fo:font-weight="bold" style:font-size-asian="14pt" style:font-style-asian="normal" style:font-weight-asian="bold" style:font-size-complex="14pt" style:font-style-complex="normal" style:font-weight-complex="bold"/></style:style><style:style style:name="ce12" style:family="table-cell" style:parent-style-name="Default"><style:table-cell-properties style:glyph-orientation-vertical="0" fo:background-color="#ccffcc" style:diagonal-bl-tr="none" style:diagonal-tl-br="none" style:text-align-source="fix" style:repeat-content="false" fo:wrap-option="no-wrap" fo:border="0.99pt solid #3c3c3c" style:direction="ltr" style:rotation-angle="0" style:rotation-align="none" style:shrink-to-fit="false" style:vertical-align="middle" style:vertical-justify="auto"/><style:paragraph-properties fo:text-align="center" css3t:text-justify="auto" fo:margin-left="0cm" style:writing-mode="page"/><style:text-properties fo:color="#ccffcc" style:text-outline="false" style:text-line-through-style="none" style:text-line-through-type="none" style:font-name="Arial" fo:font-size="14pt" fo:font-style="normal" fo:text-shadow="none" style:text-underline-style="none" fo:font-weight="bold" style:font-size-asian="14pt" style:font-style-asian="normal" style:font-weight-asian="bold" style:font-size-complex="14pt" style:font-style-complex="normal" style:font-weight-complex="bold"/></style:style><style:style style:name="ce13" style:family="table-cell" style:parent-style-name="Default"><style:table-cell-properties style:glyph-orientation-vertical="0" style:text-align-source="fix" style:repeat-content="false" fo:wrap-option="no-wrap" style:direction="ltr" style:rotation-angle="0" style:rotation-align="none" style:shrink-to-fit="false" style:vertical-align="automatic" style:vertical-justify="auto"/><style:paragraph-properties fo:text-align="end" css3t:text-justify="auto" fo:margin-left="0cm" style:writing-mode="page"/></style:style><style:style style:name="ce14" style:family="table-cell" style:parent-style-name="Default" style:data-style-name="N112"><style:table-cell-properties style:glyph-orientation-vertical="0" style:diagonal-bl-tr="none" style:diagonal-tl-br="none" style:text-align-source="fix" style:repeat-content="false" fo:wrap-option="no-wrap" fo:border="0.99pt solid #3c3c3c" style:direction="ltr" style:rotation-angle="0" style:rotation-align="none" style:shrink-to-fit="false" style:vertical-align="middle" style:vertical-justify="auto"/><style:paragraph-properties fo:text-align="center" css3t:text-justify="auto" fo:margin-left="0cm" style:writing-mode="page"/><style:text-properties fo:color="#ff0000" style:text-outline="false" style:text-line-through-style="none" style:text-line-through-type="none" style:font-name="Arial" fo:font-size="20pt" fo:font-style="normal" fo:text-shadow="none" style:text-underline-style="none" fo:font-weight="bold" style:font-size-asian="20pt" style:font-style-asian="normal" style:font-weight-asian="bold" style:font-size-complex="20pt" style:font-style-complex="normal" style:font-weight-complex="bold"/></style:style><style:style style:name="ce15" style:family="table-cell" style:parent-style-name="Default"><style:table-cell-properties style:glyph-orientation-vertical="0" style:text-align-source="fix" style:repeat-content="false" fo:wrap-option="no-wrap" style:direction="ltr" style:rotation-angle="0" style:rotation-align="none" style:shrink-to-fit="false" style:vertical-align="middle" style:vertical-justify="auto"/><style:paragraph-properties fo:text-align="end" css3t:text-justify="auto" fo:margin-left="0cm" style:writing-mode="page"/></style:style><style:style style:name="ce16" style:family="table-cell" style:parent-style-name="Default"><style:table-cell-properties style:glyph-orientation-vertical="0" style:text-align-source="fix" style:repeat-content="false" fo:wrap-option="no-wrap" style:direction="ltr" style:rotation-angle="0" style:rotation-align="none" style:shrink-to-fit="false" style:vertical-align="middle" style:vertical-justify="auto"/><style:paragraph-properties fo:text-align="end" css3t:text-justify="auto" fo:margin-left="0cm" style:writing-mode="page"/><style:text-properties style:use-window-font-color="true" style:text-outline="false" style:text-line-through-style="none" style:text-line-through-type="none" style:font-name="Arial" fo:font-size="12pt" fo:font-style="normal" fo:text-shadow="none" style:text-underline-style="none" fo:font-weight="normal" style:font-size-asian="12pt" style:font-style-asian="normal" style:font-weight-asian="normal" style:font-size-complex="12pt" style:font-style-complex="normal" style:font-weight-complex="normal"/></style:style><style:style style:name="ce17" style:family="table-cell" style:parent-style-name="Default"><style:table-cell-properties style:glyph-orientation-vertical="0" style:diagonal-bl-tr="none" style:diagonal-tl-br="none" style:text-align-source="fix" style:repeat-content="false" fo:wrap-option="no-wrap" fo:border="none" style:direction="ltr" style:rotation-angle="0" style:rotation-align="none" style:shrink-to-fit="false" style:vertical-align="middle" style:vertical-justify="auto"/><style:paragraph-properties fo:text-align="center" css3t:text-justify="auto" fo:margin-left="0cm" style:writing-mode="page"/><style:text-properties style:use-window-font-color="true" style:text-outline="false" style:text-line-through-style="none" style:text-line-through-type="none" style:font-name="Arial" fo:font-size="12pt" fo:font-style="normal" fo:text-shadow="none" style:text-underline-style="none" fo:font-weight="normal" style:font-size-asian="12pt" style:font-style-asian="normal" style:font-weight-asian="normal" style:font-size-complex="12pt" style:font-style-complex="normal" style:font-weight-complex="normal"/></style:style><style:style style:name="ce18" style:family="table-cell" style:parent-style-name="Default"><style:table-cell-properties style:glyph-orientation-vertical="0" fo:background-color="#ffcc99" style:diagonal-bl-tr="none" style:diagonal-tl-br="none" style:text-align-source="fix" style:repeat-content="false" fo:wrap-option="no-wrap" fo:border="0.99pt solid #3c3c3c" style:direction="ltr" style:rotation-angle="0" style:rotation-align="none" style:shrink-to-fit="false" style:vertical-align="middle" style:vertical-justify="auto"/><style:paragraph-properties fo:text-align="center" css3t:text-justify="auto" fo:margin-left="0cm" style:writing-mode="page"/><style:text-properties style:use-window-font-color="true" style:text-outline="false" style:text-line-through-style="none" style:text-line-through-type="none" style:font-name="Arial" fo:font-size="20pt" fo:font-style="normal" fo:text-shadow="none" style:text-underline-style="none" fo:font-weight="bold" style:font-size-asian="20pt" style:font-style-asian="normal" style:font-weight-asian="bold" style:font-size-complex="20pt" style:font-style-complex="normal" style:font-weight-complex="bold"/></style:style><style:style style:name="ce19" style:family="table-cell" style:parent-style-name="Default"><style:table-cell-properties style:glyph-orientation-vertical="0" style:text-align-source="value-type" style:repeat-content="false" fo:wrap-option="no-wrap" style:direction="ltr" style:rotation-angle="0" style:rotation-align="none" style:shrink-to-fit="false" style:vertical-align="middle" style:vertical-justify="auto"/><style:paragraph-properties css3t:text-justify="auto" fo:margin-left="0cm" style:writing-mode="page"/></style:style><style:style style:name="ce20" style:family="table-cell" style:parent-style-name="Default" style:data-style-name="N114"><style:table-cell-properties style:glyph-orientation-vertical="0" fo:background-color="#ccffff" style:diagonal-bl-tr="none" style:diagonal-tl-br="none" style:text-align-source="fix" style:repeat-content="false" fo:wrap-option="no-wrap" fo:border="0.99pt solid #3c3c3c" style:direction="ltr" style:rotation-angle="0" style:rotation-align="none" style:shrink-to-fit="false" style:vertical-align="middle" style:vertical-justify="auto"/><style:paragraph-properties fo:text-align="center" css3t:text-justify="auto" fo:margin-left="0cm" style:writing-mode="page"/><style:text-properties style:use-window-font-color="true" style:text-outline="false" style:text-line-through-style="none" style:text-line-through-type="none" style:font-name="Arial" fo:font-size="14pt" fo:font-style="normal" fo:text-shadow="none" style:text-underline-style="none" fo:font-weight="bold" style:font-size-asian="14pt" style:font-style-asian="normal" style:font-weight-asian="bold" style:font-size-complex="14pt" style:font-style-complex="normal" style:font-weight-complex="bold"/></style:style><style:style style:name="ce21" style:family="table-cell" style:parent-style-name="Default"><style:table-cell-properties style:glyph-orientation-vertical="0" style:text-align-source="fix" style:repeat-content="false" fo:wrap-option="no-wrap" style:direction="ltr" style:rotation-angle="0" style:rotation-align="none" style:shrink-to-fit="false" style:vertical-align="middle" style:vertical-justify="auto"/><style:paragraph-properties fo:text-align="end" css3t:text-justify="auto" fo:margin-left="0cm" style:writing-mode="page"/><style:text-properties style:use-window-font-color="true" style:text-outline="false" style:text-line-through-style="none" style:text-line-through-type="none" style:font-name="Arial" fo:font-size="14pt" fo:font-style="normal" fo:text-shadow="none" style:text-underline-style="none" fo:font-weight="normal" style:font-size-asian="14pt" style:font-style-asian="normal" style:font-weight-asian="normal" style:font-size-complex="14pt" style:font-style-complex="normal" style:font-weight-complex="normal"/></style:style><style:style style:name="ce22" style:family="table-cell" style:parent-style-name="Default"><style:table-cell-properties style:glyph-orientation-vertical="0" style:diagonal-bl-tr="none" style:diagonal-tl-br="none" style:text-align-source="fix" style:repeat-content="false" fo:wrap-option="no-wrap" fo:border="0.99pt solid #3c3c3c" style:direction="ltr" style:rotation-angle="0" style:rotation-align="none" style:shrink-to-fit="false" style:vertical-align="middle" style:vertical-justify="auto"/><style:paragraph-properties fo:text-align="center" css3t:text-justify="auto" fo:margin-left="0cm" style:writing-mode="page"/><style:text-properties style:use-window-font-color="true" style:text-outline="false" style:text-line-through-style="none" style:text-line-through-type="none" style:font-name="Arial" fo:font-size="14pt" fo:font-style="normal" fo:text-shadow="none" style:text-underline-style="none" fo:font-weight="normal" style:font-size-asian="14pt" style:font-style-asian="normal" style:font-weight-asian="normal" style:font-size-complex="14pt" style:font-style-complex="normal" style:font-weight-complex="normal"/></style:style><style:style style:name="ce23" style:family="table-cell" style:parent-style-name="Default"><style:table-cell-properties style:glyph-orientation-vertical="0" fo:border-bottom="0.99pt solid #3c3c3c" style:diagonal-bl-tr="none" style:diagonal-tl-br="none" style:text-align-source="value-type" style:repeat-content="false" fo:wrap-option="no-wrap" fo:border-left="0.99pt solid #3c3c3c" style:direction="ltr" fo:border-right="none" style:rotation-angle="0" style:rotation-align="none" style:shrink-to-fit="false" fo:border-top="0.99pt solid #3c3c3c" style:vertical-align="middle" style:vertical-justify="auto"/><style:paragraph-properties css3t:text-justify="auto" fo:margin-left="0cm" style:writing-mode="page"/></style:style><style:style style:name="ce24" style:family="table-cell" style:parent-style-name="Default"><style:table-cell-properties style:glyph-orientation-vertical="0" style:diagonal-bl-tr="none" style:diagonal-tl-br="none" style:text-align-source="fix" style:repeat-content="false" fo:wrap-option="no-wrap" fo:border="0.99pt solid #3c3c3c" style:direction="ltr" style:rotation-angle="0" style:rotation-align="none" style:shrink-to-fit="false" style:vertical-align="middle" style:vertical-justify="auto"/><style:paragraph-properties fo:text-align="center" css3t:text-justify="auto" fo:margin-left="0cm" style:writing-mode="page"/><style:text-properties fo:color="#ff0000" style:text-outline="false" style:text-line-through-style="none" style:text-line-through-type="none" style:font-name="Arial" fo:font-size="26pt" fo:font-style="normal" fo:text-shadow="none" style:text-underline-style="none" fo:font-weight="bold" style:font-size-asian="26pt" style:font-style-asian="normal" style:font-weight-asian="bold" style:font-size-complex="26pt" style:font-style-complex="normal" style:font-weight-complex="bold"/></style:style><style:style style:name="ce25" style:family="table-cell" style:parent-style-name="Default"><style:table-cell-properties style:glyph-orientation-vertical="0" fo:background-color="#ffcc99" style:diagonal-bl-tr="none" style:diagonal-tl-br="none" style:text-align-source="fix" style:repeat-content="false" fo:wrap-option="no-wrap" fo:border="0.99pt solid #3c3c3c" style:direction="ltr" style:rotation-angle="0" style:rotation-align="none" style:shrink-to-fit="false" style:vertical-align="middle" style:vertical-justify="auto"/><style:paragraph-properties fo:text-align="center" css3t:text-justify="auto" fo:margin-left="0cm" style:writing-mode="page"/><style:text-properties style:use-window-font-color="true" style:text-outline="false" style:text-line-through-style="none" style:text-line-through-type="none" style:font-name="Arial" fo:font-size="14pt" fo:font-style="normal" fo:text-shadow="none" style:text-underline-style="none" fo:font-weight="bold" style:font-size-asian="14pt" style:font-style-asian="normal" style:font-weight-asian="bold" style:font-size-complex="14pt" style:font-style-complex="normal" style:font-weight-complex="bold"/></style:style><style:style style:name="ce26" style:family="table-cell" style:parent-style-name="Default"><style:table-cell-properties style:glyph-orientation-vertical="0" fo:border-bottom="0.99pt solid #3c3c3c" style:diagonal-bl-tr="none" style:diagonal-tl-br="none" style:text-align-source="value-type" style:repeat-content="false" fo:wrap-option="no-wrap" fo:border-left="none" style:direction="ltr" fo:border-right="none" style:rotation-angle="0" style:rotation-align="none" style:shrink-to-fit="false" fo:border-top="0.99pt solid #3c3c3c" style:vertical-align="middle" style:vertical-justify="auto"/><style:paragraph-properties css3t:text-justify="auto" fo:margin-left="0cm" style:writing-mode="page"/></style:style><style:style style:name="ce27" style:family="table-cell" style:parent-style-name="Default"><style:table-cell-properties style:glyph-orientation-vertical="0" style:text-align-source="value-type" style:repeat-content="false" fo:wrap-option="no-wrap" style:direction="ltr" style:rotation-angle="0" style:rotation-align="none" style:shrink-to-fit="false" style:vertical-align="middle" style:vertical-justify="auto"/><style:paragraph-properties css3t:text-justify="auto" fo:margin-left="0cm" style:writing-mode="page"/><style:text-properties style:use-window-font-color="true" style:text-outline="false" style:text-line-through-style="none" style:text-line-through-type="none" style:font-name="Arial" fo:font-size="14pt" fo:font-style="normal" fo:text-shadow="none" style:text-underline-style="none" fo:font-weight="normal" style:font-size-asian="14pt" style:font-style-asian="normal" style:font-weight-asian="normal" style:font-size-complex="14pt" style:font-style-complex="normal" style:font-weight-complex="normal"/></style:style><style:style style:name="ce28" style:family="table-cell" style:parent-style-name="Default"><style:table-cell-properties style:glyph-orientation-vertical="0" fo:border-bottom="0.99pt solid #3c3c3c" style:diagonal-bl-tr="none" style:diagonal-tl-br="none" style:text-align-source="value-type" style:repeat-content="false" fo:wrap-option="no-wrap" fo:border-left="none" style:direction="ltr" fo:border-right="0.99pt solid #3c3c3c" style:rotation-angle="0" style:rotation-align="none" style:shrink-to-fit="false" fo:border-top="0.99pt solid #3c3c3c" style:vertical-align="middle" style:vertical-justify="auto"/><style:paragraph-properties css3t:text-justify="auto" fo:margin-left="0cm" style:writing-mode="page"/></style:style><style:style style:name="ce29" style:family="table-cell" style:parent-style-name="Default"><style:table-cell-properties style:glyph-orientation-vertical="0" style:text-align-source="fix" style:repeat-content="false" fo:wrap-option="no-wrap" style:direction="ltr" style:rotation-angle="0" style:rotation-align="none" style:shrink-to-fit="false" style:vertical-align="automatic" style:vertical-justify="auto"/><style:paragraph-properties fo:text-align="center" css3t:text-justify="auto" fo:margin-left="0cm" style:writing-mode="page"/><style:text-properties style:use-window-font-color="true" style:text-outline="false" style:text-line-through-style="none" style:text-line-through-type="none" style:font-name="Arial" fo:font-size="14pt" fo:font-style="normal" fo:text-shadow="none" style:text-underline-style="none" fo:font-weight="normal" style:font-size-asian="14pt" style:font-style-asian="normal" style:font-weight-asian="normal" style:font-size-complex="14pt" style:font-style-complex="normal" style:font-weight-complex="normal"/></style:style><style:style style:name="ce30" style:family="table-cell" style:parent-style-name="Default"><style:table-cell-properties style:glyph-orientation-vertical="0" style:text-align-source="fix" style:repeat-content="false" fo:wrap-option="no-wrap" style:direction="ltr" style:rotation-angle="0" style:rotation-align="none" style:shrink-to-fit="false" style:vertical-align="middle" style:vertical-justify="auto"/><style:paragraph-properties fo:text-align="center" css3t:text-justify="auto" fo:margin-left="0cm" style:writing-mode="page"/><style:text-properties style:use-window-font-color="true" style:text-outline="false" style:text-line-through-style="none" style:text-line-through-type="none" style:font-name="Arial" fo:font-size="14pt" fo:font-style="normal" fo:text-shadow="none" style:text-underline-style="none" fo:font-weight="normal" style:font-size-asian="14pt" style:font-style-asian="normal" style:font-weight-asian="normal" style:font-size-complex="14pt" style:font-style-complex="normal" style:font-weight-complex="normal"/></style:style></office:automatic-styles><office:body><office:spreadsheet><table:calculation-settings table:case-sensitive="false" table:use-regular-expressions="false"/><table:content-validations><table:content-validation table:name="val1" table:base-cell-address="Feuil1.D7"><table:help-message table:display="true"><text:p>saisie les 3 ou 4 chiffres de l&apos;horaire voulu</text:p><text:p>ex 700 pour 7h00</text:p><text:p>ou 1730 pour 17h30</text:p></table:help-message><table:error-message table:message-type="stop" table:display="true"/></table:content-validation><table:content-validation table:name="val2" table:condition="of:cell-content-is-in-list([$Feuil1.$J$2:.$J$3])" table:allow-empty-cell="true" table:display-list="unsorted" table:base-cell-address="Feuil1.F2"><table:error-message table:message-type="stop" table:display="true"/></table:content-validation></table:content-validations><table:table table:name="Feuil1" table:style-name="ta1" table:print="false"><office:forms form:automatic-focus="false" form:apply-design-mode="false"/><table:table-column table:style-name="co1" table:default-cell-style-name="ce1"/><table:table-column table:style-name="co2" table:default-cell-style-name="Default"/><table:table-column table:style-name="co3" table:default-cell-style-name="ce13"/><table:table-column table:style-name="co4" table:default-cell-style-name="Default"/><table:table-column table:style-name="co5" table:number-columns-repeated="5" table:default-cell-style-name="Default"/><table:table-column table:style-name="co5" table:visibility="collapse" table:default-cell-style-name="ce29"/><table:table-column table:style-name="co5" table:number-columns-repeated="1014" table:default-cell-style-name="Default"/><table:table-row table:style-name="ro1"><table:table-cell table:number-columns-repeated="4"/><table:table-cell table:style-name="ce21"/><table:table-cell table:style-name="ce24"/><table:table-cell table:style-name="ce27" table:number-columns-repeated="3"/><table:table-cell/><table:table-cell table:style-name="ce27" table:number-columns-repeated="1014"/></table:table-row><table:table-row table:style-name="ro2"><table:table-cell table:style-name="ce2" office:value-type="string" calcext:value-type="string" table:number-columns-spanned="2" table:number-rows-spanned="1"><text:p>Billets demandés pour le :</text:p></table:table-cell><table:covered-table-cell table:style-name="ce2"/><table:table-cell table:style-name="ce14" office:value-type="string" calcext:value-type="string"><text:p><text:s/></text:p></table:table-cell><table:table-cell table:style-name="ce2" office:value-type="string" calcext:value-type="string" table:number-columns-spanned="2" table:number-rows-spanned="1"><text:p>Demande d&apos;avance</text:p></table:table-cell><table:covered-table-cell table:style-name="ce2"/><table:table-cell table:style-name="ce24" table:content-validation-name="val2"/><table:table-cell table:style-name="ce27" table:number-columns-repeated="3"/><table:table-cell table:style-name="ce30" office:value-type="string" calcext:value-type="string"><text:p>oui</text:p></table:table-cell><table:table-cell table:style-name="ce27" table:number-columns-repeated="1014"/></table:table-row><table:table-row table:style-name="ro3"><table:table-cell table:style-name="ce3"/><table:table-cell table:style-name="ce4"/><table:table-cell table:style-name="ce15"/><table:table-cell table:style-name="ce19" table:number-columns-repeated="6"/><table:table-cell table:style-name="ce30"/><table:table-cell table:style-name="ce19" table:number-columns-repeated="1014"/></table:table-row><table:table-row table:style-name="ro4"><table:table-cell table:style-name="ce3" office:value-type="string" calcext:value-type="string"><text:p>Nom Prénom</text:p></table:table-cell><table:table-cell table:style-name="ce5" office:value-type="string" calcext:value-type="string" table:number-columns-spanned="3" table:number-rows-spanned="1"><text:p>Olivier Blanc</text:p></table:table-cell><table:covered-table-cell table:number-columns-repeated="2" table:style-name="ce5"/><table:table-cell table:style-name="ce19" table:number-columns-repeated="5"/><table:table-cell table:style-name="ce30"/><table:table-cell table:style-name="ce19" table:number-columns-repeated="1014"/></table:table-row><table:table-row table:style-name="ro5"><table:table-cell table:style-name="ce3"/><table:table-cell table:style-name="ce4"/><table:table-cell table:style-name="ce15"/><table:table-cell table:style-name="ce19" table:number-columns-repeated="6"/><table:table-cell table:style-name="ce30"/><table:table-cell table:style-name="ce19" table:number-columns-repeated="1014"/></table:table-row><table:table-row table:style-name="ro5"><table:table-cell table:style-name="ce3"/><table:table-cell table:style-name="ce6"/><table:table-cell table:style-name="ce15"/><table:table-cell table:style-name="ce19" table:number-columns-repeated="6"/><table:table-cell table:style-name="ce30"/><table:table-cell table:style-name="ce19" table:number-columns-repeated="1014"/></table:table-row><table:table-row table:style-name="ro4"><table:table-cell table:style-name="ce3" office:value-type="string" calcext:value-type="string"><text:p>Date de départ</text:p></table:table-cell><table:table-cell table:style-name="ce7"/><table:table-cell table:style-name="ce16" office:value-type="string" calcext:value-type="string"><text:p>Heure départ</text:p></table:table-cell><table:table-cell table:style-name="ce20" table:content-validation-name="val1"/><table:table-cell table:style-name="ce19" table:number-columns-repeated="5"/><table:table-cell table:style-name="ce30"/><table:table-cell table:style-name="ce19" table:number-columns-repeated="1014"/></table:table-row><table:table-row table:style-name="ro5"><table:table-cell table:style-name="ce3"/><table:table-cell table:style-name="ce4"/><table:table-cell table:style-name="ce16"/><table:table-cell table:style-name="ce19" table:number-columns-repeated="6"/><table:table-cell table:style-name="ce30"/><table:table-cell table:style-name="ce19" table:number-columns-repeated="1014"/></table:table-row><table:table-row table:style-name="ro4"><table:table-cell table:style-name="ce3" office:value-type="string" calcext:value-type="string"><text:p>Date de retour</text:p></table:table-cell><table:table-cell table:style-name="ce7"/><table:table-cell table:style-name="ce16" office:value-type="string" calcext:value-type="string"><text:p>Heure retour</text:p></table:table-cell><table:table-cell table:style-name="ce20" table:content-validation-name="val1"/><table:table-cell table:style-name="ce19" table:number-columns-repeated="5"/><table:table-cell table:style-name="ce30"/><table:table-cell table:style-name="ce19" table:number-columns-repeated="1014"/></table:table-row><table:table-row table:style-name="ro5"><table:table-cell table:style-name="ce3"/><table:table-cell table:style-name="ce4"/><table:table-cell table:style-name="ce15"/><table:table-cell table:style-name="ce19" table:number-columns-repeated="6"/><table:table-cell table:style-name="ce30"/><table:table-cell table:style-name="ce19" table:number-columns-repeated="1014"/></table:table-row><table:table-row table:style-name="ro4"><table:table-cell table:style-name="ce3" office:value-type="string" calcext:value-type="string"><text:p>Trajet <text:s/>ALLER</text:p></table:table-cell><table:table-cell table:style-name="ce8"/><table:table-cell table:style-name="ce17" office:value-type="string" calcext:value-type="string"><text:p>à</text:p></table:table-cell><table:table-cell table:style-name="ce8"/><table:table-cell table:style-name="ce19"/><table:table-cell table:style-name="ce19" office:value-type="string" calcext:value-type="string"><text:p>Lieu exact de la mission :</text:p></table:table-cell><table:table-cell table:style-name="ce19" table:number-columns-repeated="3"/><table:table-cell table:style-name="ce30"/><table:table-cell table:style-name="ce19" table:number-columns-repeated="1014"/></table:table-row><table:table-row table:style-name="ro4"><table:table-cell table:style-name="ce3" office:value-type="string" calcext:value-type="string"><text:p>Trajet <text:s/>RETOUR</text:p></table:table-cell><table:table-cell table:style-name="ce8" table:formula="of:=[.D11]" office:value-type="float" office:value="0" calcext:value-type="float"><text:p/></table:table-cell><table:table-cell table:style-name="ce17" office:value-type="string" calcext:value-type="string"><text:p>à</text:p></table:table-cell><table:table-cell table:style-name="ce8"/><table:table-cell table:style-name="ce19"/><table:table-cell table:style-name="ce25" table:number-columns-spanned="3" table:number-rows-spanned="1"/><table:covered-table-cell table:number-columns-repeated="2" table:style-name="ce25"/><table:table-cell table:style-name="ce19"/><table:table-cell table:style-name="ce30"/><table:table-cell table:style-name="ce19" table:number-columns-repeated="1014"/></table:table-row><table:table-row table:style-name="ro5"><table:table-cell table:style-name="ce3"/><table:table-cell table:style-name="ce4"/><table:table-cell table:style-name="ce15"/><table:table-cell table:style-name="ce19" table:number-columns-repeated="6"/><table:table-cell table:style-name="ce30"/><table:table-cell table:style-name="ce19" table:number-columns-repeated="1014"/></table:table-row><table:table-row table:style-name="ro4"><table:table-cell table:style-name="ce3" office:value-type="string" calcext:value-type="string"><text:p>Mode de transport</text:p></table:table-cell><table:table-cell table:style-name="ce9" office:value-type="string" calcext:value-type="string"><text:p>SNCF 1ère Classe</text:p></table:table-cell><table:table-cell table:style-name="ce18"/><table:table-cell table:style-name="ce9"/><table:table-cell table:style-name="ce19" table:number-columns-repeated="5"/><table:table-cell table:style-name="ce30"/><table:table-cell table:style-name="ce19" table:number-columns-repeated="1014"/></table:table-row><table:table-row table:style-name="ro4"><table:table-cell table:style-name="ce3"/><table:table-cell table:style-name="ce9" office:value-type="string" calcext:value-type="string"><text:p>SNCF 2nd Classe</text:p></table:table-cell><table:table-cell table:style-name="ce18" office:value-type="string" calcext:value-type="string"><text:p>X</text:p></table:table-cell><table:table-cell table:style-name="ce9"/><table:table-cell table:style-name="ce19" table:number-columns-repeated="5"/><table:table-cell table:style-name="ce30"/><table:table-cell table:style-name="ce19" table:number-columns-repeated="1014"/></table:table-row><table:table-row table:style-name="ro4"><table:table-cell table:style-name="ce3"/><table:table-cell table:style-name="ce9" office:value-type="string" calcext:value-type="string"><text:p>Véhicule Personnel</text:p></table:table-cell><table:table-cell table:style-name="ce18"/><table:table-cell table:style-name="ce9"/><table:table-cell table:style-name="ce19" table:number-columns-repeated="5"/><table:table-cell table:style-name="ce30"/><table:table-cell table:style-name="ce19" table:number-columns-repeated="1014"/></table:table-row><table:table-row table:style-name="ro4"><table:table-cell table:style-name="ce3"/><table:table-cell table:style-name="ce9" office:value-type="string" calcext:value-type="string"><text:p>Véhicule du Chef de mission</text:p></table:table-cell><table:table-cell table:style-name="ce18"/><table:table-cell table:style-name="ce16" office:value-type="string" calcext:value-type="string"><text:p>Nom du Chef de mission :</text:p></table:table-cell><table:table-cell table:style-name="ce22" table:number-columns-spanned="4" table:number-rows-spanned="1"/><table:covered-table-cell table:number-columns-repeated="3" table:style-name="ce22"/><table:table-cell table:style-name="ce19"/><table:table-cell table:style-name="ce30"/><table:table-cell table:style-name="ce19" table:number-columns-repeated="1014"/></table:table-row><table:table-row table:style-name="ro4"><table:table-cell table:style-name="ce3"/><table:table-cell table:style-name="ce9" office:value-type="string" calcext:value-type="string"><text:p>Moyens Personnels</text:p></table:table-cell><table:table-cell table:style-name="ce18"/><table:table-cell table:style-name="ce9"/><table:table-cell table:style-name="ce19" table:number-columns-repeated="5"/><table:table-cell table:style-name="ce30"/><table:table-cell table:style-name="ce19" table:number-columns-repeated="1014"/></table:table-row><table:table-row table:style-name="ro4"><table:table-cell table:style-name="ce3"/><table:table-cell table:style-name="ce9" office:value-type="string" calcext:value-type="string"><text:p>Avion</text:p></table:table-cell><table:table-cell table:style-name="ce18"/><table:table-cell table:style-name="ce9"/><table:table-cell table:style-name="ce19" table:number-columns-repeated="5"/><table:table-cell table:style-name="ce30"/><table:table-cell table:style-name="ce19" table:number-columns-repeated="1014"/></table:table-row><table:table-row table:style-name="ro5"><table:table-cell table:style-name="ce3"/><table:table-cell table:style-name="ce10"/><table:table-cell table:style-name="ce15"/><table:table-cell table:style-name="ce9"/><table:table-cell table:style-name="ce19" table:number-columns-repeated="5"/><table:table-cell table:style-name="ce30"/><table:table-cell table:style-name="ce19" table:number-columns-repeated="1014"/></table:table-row><table:table-row table:style-name="ro4"><table:table-cell table:style-name="ce3"/><table:table-cell table:style-name="ce3" office:value-type="string" calcext:value-type="string"><text:p>Mission</text:p></table:table-cell><table:table-cell table:style-name="ce18" office:value-type="string" calcext:value-type="string"><text:p>X</text:p></table:table-cell><table:table-cell table:style-name="ce9"/><table:table-cell table:style-name="ce19" table:number-columns-repeated="5"/><table:table-cell table:style-name="ce30"/><table:table-cell table:style-name="ce19" table:number-columns-repeated="1014"/></table:table-row><table:table-row table:style-name="ro4"><table:table-cell table:style-name="ce3"/><table:table-cell table:style-name="ce3" office:value-type="string" calcext:value-type="string"><text:p>Formation</text:p></table:table-cell><table:table-cell table:style-name="ce18"/><table:table-cell table:style-name="ce9" office:value-type="string" calcext:value-type="string"><text:p><text:s/>,,,,,,,Société Organisatrice : </text:p></table:table-cell><table:table-cell table:style-name="ce22" table:number-columns-spanned="4" table:number-rows-spanned="1"/><table:covered-table-cell table:number-columns-repeated="3" table:style-name="ce22"/><table:table-cell table:style-name="ce19"/><table:table-cell table:style-name="ce30"/><table:table-cell table:style-name="ce19" table:number-columns-repeated="1014"/></table:table-row><table:table-row table:style-name="ro4"><table:table-cell table:style-name="ce3"/><table:table-cell table:style-name="ce3" office:value-type="string" calcext:value-type="string"><text:p>Autre</text:p></table:table-cell><table:table-cell table:style-name="ce18"/><table:table-cell table:style-name="ce16" office:value-type="string" calcext:value-type="string"><text:p>,,,,,,,,,,,,,,,,,,,,,,,,,,à préciser</text:p></table:table-cell><table:table-cell table:style-name="ce23"/><table:table-cell table:style-name="ce26" table:number-columns-repeated="2"/><table:table-cell table:style-name="ce28"/><table:table-cell table:style-name="ce19"/><table:table-cell table:style-name="ce30"/><table:table-cell table:style-name="ce19" table:number-columns-repeated="1014"/></table:table-row><table:table-row table:style-name="ro5"><table:table-cell table:style-name="ce3"/><table:table-cell table:style-name="ce4"/><table:table-cell table:style-name="ce15"/><table:table-cell table:style-name="ce19" table:number-columns-repeated="6"/><table:table-cell table:style-name="ce30"/><table:table-cell table:style-name="ce19" table:number-columns-repeated="1014"/></table:table-row><table:table-row table:style-name="ro6"><table:table-cell table:style-name="ce3" office:value-type="string" calcext:value-type="string"><text:p>Objet de la réunion ou intitulé du stage</text:p></table:table-cell><table:table-cell table:style-name="ce8" table:number-columns-spanned="7" table:number-rows-spanned="1"/><table:covered-table-cell table:number-columns-repeated="6" table:style-name="ce8"/><table:table-cell table:style-name="ce19"/><table:table-cell table:style-name="ce30"/><table:table-cell table:style-name="ce19" table:number-columns-repeated="1014"/></table:table-row><table:table-row table:style-name="ro7"><table:table-cell/><table:table-cell table:style-name="ce11"/><table:table-cell table:number-columns-repeated="1022"/></table:table-row><table:table-row table:style-name="ro6"><table:table-cell table:style-name="ce3" office:value-type="string" calcext:value-type="string"><text:p>Observations :</text:p></table:table-cell><table:table-cell table:style-name="ce12" table:number-columns-spanned="7" table:number-rows-spanned="1"/><table:covered-table-cell table:number-columns-repeated="6" table:style-name="ce12"/><table:table-cell table:style-name="ce19"/><table:table-cell table:style-name="ce30"/><table:table-cell table:style-name="ce19" table:number-columns-repeated="1014"/></table:table-row><table:table-row table:style-name="ro7" table:number-rows-repeated="1048548"><table:table-cell table:number-columns-repeated="1024"/></table:table-row><table:table-row table:style-name="ro7"><table:table-cell table:number-columns-repeated="1024"/></table:table-row></table:table><table:table table:name="Feuil2" table:style-name="ta2" table:print="false"><table:table-column table:style-name="co5" table:number-columns-repeated="1024" table:default-cell-style-name="Default"/><table:table-row table:style-name="ro8" table:number-rows-repeated="1048575"><table:table-cell table:number-columns-repeated="1024"/></table:table-row><table:table-row table:style-name="ro8"><table:table-cell table:number-columns-repeated="1024"/></table:table-row></table:table><table:table table:name="Feuil3" table:style-name="ta3" table:print="false"><table:table-column table:style-name="co5" table:number-columns-repeated="1024" table:default-cell-style-name="Default"/><table:table-row table:style-name="ro8" table:number-rows-repeated="1048575"><table:table-cell table:number-columns-repeated="1024"/></table:table-row><table:table-row table:style-name="ro8"><table:table-cell table:number-columns-repeated="1024"/></table:table-row></table:table><table:named-expressions><table:named-expression table:name="Lieux_missions" table:base-cell-address="$Feuil1.$A$1" table:expression=""/><table:named-expression table:name="Moyens_Transport" table:base-cell-address="$Feuil1.$A$1" table:expression=""/><table:named-expression table:name="Noms_personnes" table:base-cell-address="$Feuil1.$A$1" table:expression=""/><table:named-expression table:name="Type_mission" table:base-cell-address="$Feuil1.$A$1" table:expression=""/></table:named-expressions></office:spreadsheet></office:body></office:document-content>