<?xml version="1.0" encoding="UTF-8"?>
<office:document-meta xmlns:office="urn:oasis:names:tc:opendocument:xmlns:office:1.0" xmlns:xlink="http://www.w3.org/1999/xlink" xmlns:dc="http://purl.org/dc/elements/1.1/" xmlns:meta="urn:oasis:names:tc:opendocument:xmlns:meta:1.0" xmlns:ooo="http://openoffice.org/2004/office" xmlns:grddl="http://www.w3.org/2003/g/data-view#" office:version="1.2"><office:meta><meta:initial-creator>Olivier Blanc</meta:initial-creator><meta:creation-date>2010-11-15T10:12:38</meta:creation-date><dc:creator>olivier </dc:creator><dc:date>2014-06-19T17:11:43.452628307</dc:date><meta:print-date>2010-11-05T14:36:45</meta:print-date><meta:editing-cycles>5</meta:editing-cycles><meta:editing-duration>PT14M16S</meta:editing-duration><meta:generator>LibreOffice/4.2.3.3$Linux_X86_64 LibreOffice_project/420m0$Build-3</meta:generator><meta:document-statistic meta:table-count="3" meta:cell-count="33" meta:object-count="0"/></office:meta></office:document-meta>