{
   "abstract" : "Perl extension for blah blah blah",
   "author" : [
      "A. U. Thor <a.u.thor@a.galaxy.far.far.away>"
   ],
   "dynamic_config" : 1,
   "generated_by" : "ExtUtils::MakeMaker version 6.66, CPAN::Meta::Converter version 2.130880",
   "license" : [
      "unknown"
   ],
   "meta-spec" : {
      "url" : "http://search.cpan.org/perldoc?CPAN::Meta::Spec",
      "version" : "2"
   },
   "name" : "GCC-BADDLL",
   "no_index" : {
      "directory" : [
         "t",
         "inc"
      ]
   },
   "prereqs" : {
      "build" : {
         "requires" : {
            "ExtUtils::MakeMaker" : "0"
         }
      },
      "configure" : {
         "requires" : {
            "ExtUtils::MakeMaker" : "0"
         }
      },
      "runtime" : {
         "requires" : {}
      }
   },
   "release_status" : "stable",
   "version" : "0.01"
}
