<?xml version="1.0" encoding="UTF-8"?><!DOCTYPE book PUBLIC "-//ES//DTD book DTD version 5.4.0//EN//XML" "book540.dtd" [<!ENTITY cover SYSTEM "cover" NDATA IMAGE>]><book version ="5.4" docsubtype="bk" xml:lang="en"><info><ce:pii>C2015-0-06646-1</ce:pii><ce:isbn>978-0-12-809756-4</ce:isbn><ce:copyright type="full-transfer" year="2016">Elsevier Inc.</ce:copyright><ce:imprint>Academic Press</ce:imprint></info><top><ce:title id="title0010">Roots of Brazilian Relative Economic Backwardness</ce:title><ce:copyright-line>Copyright © 2016 Elsevier Inc. All rights reserved.</ce:copyright-line><cover-image><ce:figure id="f0010"><ce:link locator="cover" id="link1"/></ce:figure></cover-image><ce:author-group id="augrp0010"><ce:author id="au1"><ce:given-name>Alexandre</ce:given-name><ce:surname>Rands Barros</ce:surname></ce:author></ce:author-group><ce:sections><ce:para id="p0010">Copyright © 2016 Elsevier Inc.</ce:para></ce:sections></top><front><ce:include-item><ce:pii>B978-0-12-809756-4.01001-1</ce:pii><ce:doi>10.1016/B978-0-12-809756-4.01001-1</ce:doi><ce:title id="title0015">Front Matter</ce:title><ce:pages><ce:first-page>iii</ce:first-page></ce:pages></ce:include-item><ce:include-item><ce:pii>B978-0-12-809756-4.12001-X</ce:pii><ce:doi>10.1016/B978-0-12-809756-4.12001-X</ce:doi><ce:title id="title0020">Copyright</ce:title><ce:pages><ce:first-page>iv</ce:first-page></ce:pages></ce:include-item><ce:include-item><ce:pii>B978-0-12-809756-4.03001-4</ce:pii><ce:doi>10.1016/B978-0-12-809756-4.03001-4</ce:doi><ce:title id="title0025">Dedication</ce:title><ce:pages><ce:first-page>v</ce:first-page></ce:pages></ce:include-item></front><body><ce:include-item view="extended"><ce:pii>B978-0-323-28048-8.00034-8</ce:pii><ce:doi>10.1016/B978-0-323-28048-8.00034-8</ce:doi><ce:title id="title0225">Amyloidosis</ce:title><ce:pages><ce:first-page>66.e3</ce:first-page><ce:last-page>66.e6</ce:last-page></ce:pages></ce:include-item></body><rear><rearpart id="rp1"><ce:include-item><ce:pii>B978-0-12-809756-4.16001-5</ce:pii><ce:doi>10.1016/B978-0-12-809756-4.16001-5</ce:doi><ce:title id="title0105">References</ce:title><ce:pages><ce:first-page>265</ce:first-page><ce:last-page>273</ce:last-page></ce:pages></ce:include-item><ce:include-item><ce:pii>B978-0-12-809756-4.18001-8</ce:pii><ce:doi>10.1016/B978-0-12-809756-4.18001-8</ce:doi><ce:title id="title0110">Index</ce:title><ce:pages><ce:first-page>275</ce:first-page><ce:last-page>280</ce:last-page></ce:pages></ce:include-item></rearpart></rear></book>