<?xml version="1.0" encoding="UTF-8"?><!DOCTYPE fb-non-chapter PUBLIC "-//ES//DTD book DTD version 5.4.0//EN//XML" "book540.dtd" []><fb-non-chapter version="5.4" id="ded00001" docsubtype="ded"><info><ce:pii>B978-0-12-809756-4.03001-4</ce:pii><ce:doi>10.1016/B978-0-12-809756-4.03001-4</ce:doi><ce:isbn>978-0-12-809756-4</ce:isbn><ce:copyright type="full-transfer" year="2016">Elsevier Inc.</ce:copyright></info><ce:title id="title0010">Dedication</ce:title><ce:para id="p0010">To Tales, my son, and his mother, Analice</ce:para></fb-non-chapter>