<mobile_analyser_component_repository>
 <category title="XMM2015" comment="TOP">

     <ms_version title="TOP_XMM2015_MODEM_V02.00.00" comment="" remark="">
      <decode_library>TOP_XMM2015_MODEM_V02.00.00.zip</decode_library>
      <ipc_protocol>V3 (DUAL MODE)</ipc_protocol>
      <ms_sw_doc_archive_file>TOP_XMM2015_MODEM_V02.00.00__pdoc.zip</ms_sw_doc_archive_file>
    </ms_version>
    
    <ms_version title="TOP_XMM2015_MODEM_V01.00.00" comment="" remark="">
      <decode_library>TOP_XMM2015_MODEM_V01.00.00.zip</decode_library>
      <ipc_protocol>V3 (DUAL MODE)</ipc_protocol>
      <ms_sw_doc_archive_file>TOP_XMM2015_MODEM_V01.00.00__pdoc.zip</ms_sw_doc_archive_file>
    </ms_version>
  
    <ms_version title="TOP_XMM2015_MODEM_V00.00.01" comment="" remark="">
      <decode_library>TOP_XMM2015_MODEM_V00.00.01.zip</decode_library>
      <ipc_protocol>V3 (DUAL MODE)</ipc_protocol>
      <ms_sw_doc_archive_file>TOP_XMM2015_MODEM_V00.00.01__pdoc.zip</ms_sw_doc_archive_file>
    </ms_version>

  </category>
  <category title="Updates For Mobile Analyser V09" comment="">  
       <ma_update title="Update" update_version="09.02.21" >
         <update_archive>Mobile_Analyser_V09.02.21_Update.zip</update_archive>
           <notes>SMS00861884 [CATFISH_WP] MA display warning message if there is difference in SWVerString</notes>  
           <notes>SMS00861887 [CATFISH_WP] Full AT command interface over the same interface that is also being used for tracing</notes> 
           <notes>SMS00861890 [CATFISH_WP] OptiTrace Filters (including MMI/MNK Trace Filters) in MA</notes> 
           <notes>SMS00899087 Save WHERE string in the searchDialog along with SearchString</notes> 
           <notes>SMS00907776 ATConsole Changes</notes> 
           <notes>SMS00911422 Not possible to run two or more synchronized instances of MA and Artemis</notes> 
           <notes>SMS00913670 SW Version / Library Version accessible to scripts</notes> 
           <notes>SMS00911953 Update of Mobile Analyser needed due to upgrade of ASN.1 version 3GPP Rel7 to Dec 2008 </notes> 
      </ma_update>       
      <ma_update title="Update" update_version="09.02.20" >
         <update_archive>Mobile_Analyser_V09.02.20_Update.zip</update_archive>
           <notes>SMS00867136 [MA][MIPI] data format received by Lauterbach change Endiness (Big/Little)</notes> 
      </ma_update> 
   </category>
   <category title="Updates For AIS" comment="">   
       <ais_update title="Update" update_version="00.00.02" >
				<update_archive>DualMode_Inline_Script_V00.00.02.ais</update_archive>     
			 				   <notes>Changed the decoding of UAS_CIPH_UMAC_UL_F8_IND</notes>
			 </ais_update>			 
   </category>   
       
</mobile_analyser_component_repository>