<?xml version="1.0" encoding="UTF-8"?><!DOCTYPE fb-non-chapter PUBLIC "-//ES//DTD book DTD version 5.4.0//EN//XML" "book540.dtd" [<!ENTITY fm01-9780128097564 SYSTEM "fm01-9780128097564" NDATA IMAGE>]><fb-non-chapter version="5.4" id="cop00001" docsubtype="cop"><info><ce:pii>B978-0-12-809756-4.12001-X</ce:pii><ce:doi>10.1016/B978-0-12-809756-4.12001-X</ce:doi><ce:isbn>978-0-12-809756-4</ce:isbn><ce:copyright type="full-transfer" year="2016">Elsevier Inc.</ce:copyright></info><ce:title id="title0010">Copyright</ce:title><ce:para id="p0010">Academic Press is an imprint of Elsevier</ce:para><ce:para id="p0015">125 London Wall, London EC2Y 5AS, United Kingdom</ce:para><ce:para id="p0020">525 B Street, Suite 1800, San Diego, CA 92101-4495, United States</ce:para><ce:para id="p0025">50 Hampshire Street, 5th Floor, Cambridge, MA 02139, United States</ce:para><ce:para id="p0030">The Boulevard, Langford Lane, Kidlington, Oxford OX5 1GB, United Kingdom</ce:para><ce:para id="p0035">Copyright © 2016 Elsevier Inc. All rights reserved.</ce:para><ce:para id="p0040">No part of this publication may be reproduced or transmitted in any form or by any means, electronic or mechanical, including photocopying, recording, or any information storage and retrieval system, without permission in writing from the publisher. Details on how to seek permission, further information about the Publisher’s permissions policies and our arrangements with organizations such as the Copyright Clearance Center and the Copyright Licensing Agency, can be found at our website: <ce:inter-ref xlink:href="http://www.elsevier.com/permissions" id="interref1">www.elsevier.com/permissions</ce:inter-ref>.</ce:para><ce:para id="p0045">This book and the individual contributions contained in it are protected under copyright by the Publisher (other than as may be noted herein).<ce:display><ce:textbox id="b0010"><ce:textbox-head><ce:title id="title0015">Notices</ce:title></ce:textbox-head><ce:textbox-body><ce:sections><ce:para id="bpar0010">Knowledge and best practice in this field are constantly changing. As new research and experience broaden our understanding, changes in research methods, professional practices, or medical treatment may become necessary.</ce:para><ce:para id="bpar0015">Practitioners and researchers must always rely on their own experience and knowledge in evaluating and using any information, methods, compounds, or experiments described herein. In using such information or methods they should be mindful of their own safety and the safety of others, including parties for whom they have a professional responsibility.</ce:para><ce:para id="bpar0020">To the fullest extent of the law, neither the Publisher nor the authors, contributors, or editors, assume any liability for any injury and/or damage to persons or property as a matter of products liability, negligence or otherwise, or from any use or operation of any methods, products, instructions, or ideas contained in the material herein.</ce:para></ce:sections></ce:textbox-body></ce:textbox></ce:display></ce:para><ce:para id="p0060"><ce:bold>Library of Congress Cataloging-in-Publication Data</ce:bold></ce:para><ce:para id="p0065">A catalog record for this book is available from the Library of Congress</ce:para><ce:para id="p0050"><ce:bold>British Library Cataloguing-in-Publication Data</ce:bold></ce:para><ce:para id="p0055">A catalogue record for this book is available from the British Library</ce:para><ce:para id="p0070">ISBN: 978-0-12-809756-4<ce:display><ce:textbox id="b0015"><ce:textbox-body><ce:sections><ce:para id="bpar0025">For information on all Academic Press publications visit our website at <ce:inter-ref xlink:href="https://www.elsevier.com/" id="interref2">https://www.elsevier.com/</ce:inter-ref></ce:para></ce:sections></ce:textbox-body></ce:textbox></ce:display></ce:para><ce:para id="p0075"><ce:inline-figure><ce:link locator="fm01-9780128097564" xlink:type="simple" xlink:href="pii:B978012809756412001X/fm01-9780128097564" id="link1"/></ce:inline-figure></ce:para><ce:para id="p0080"><ce:italic>Publisher:</ce:italic> Nikki Levy</ce:para><ce:para id="p0085"><ce:italic>Acquisition Editor:</ce:italic> Scott J. Bentley</ce:para><ce:para id="p0090"><ce:italic>Editorial Project Manager:</ce:italic> Susan Ikeda</ce:para><ce:para id="p0095"><ce:italic>Production Project Manager:</ce:italic> Jason Mitchell</ce:para><ce:para id="p0100"><ce:italic>Designer:</ce:italic> Mark Rogers</ce:para><ce:para id="p0105">Typeset by TNQ Books and Journals</ce:para></fb-non-chapter>