<?xml version="1.0" encoding="utf-8"?><!DOCTYPE layout-info PUBLIC "-//ES//DTD pagebreak DTD version 5.0.0//EN//XML" "pagebreak500.dtd" []><layout-info version="5.0"><pii>B978-0-12-809756-4.16001-5</pii><page name="265" next="266" break-position="/*[1]/*[3]/*[1]/*[18]/node()[3]"/><page name="266" next="267" break-position="/*[1]/*[3]/*[1]/*[43]/node()[3]"/><page name="267" next="268" break-position="/*[1]/*[3]/*[1]/*[66]/node()[3]"/><page name="268" next="269" break-position="/*[1]/*[3]/*[1]/*[92]/node()[3]"/><page name="269" next="270" break-position="/*[1]/*[3]/*[1]/*[116]/node()[3]"/><page name="270" next="271" break-position="/*[1]/*[3]/*[1]/*[140]/node()[3]"/><page name="271" next="272" break-position="/*[1]/*[3]/*[1]/*[165]/node()[3]"/><page name="272" next="273" break-position="/*[1]/*[3]/*[1]/*[189]/node()[3]"/></layout-info>